eventbridge,lambda,sqs
0.0610651969909668,0.0635833740234375,0.07278585433959961
0.051174163818359375,0.05948305130004883,0.015050888061523438
0.020528793334960938,0.057012081146240234,0.011688709259033203
0.02156853675842285,0.05617713928222656,0.011569023132324219
0.03817892074584961,0.05791759490966797,0.011511802673339844
0.020425081253051758,0.09000182151794434,0.011818408966064453
0.030794620513916016,0.05541205406188965,0.011806964874267578
0.018236160278320312,0.047963619232177734,0.011543035507202148
0.01899409294128418,0.047306060791015625,0.012907266616821289
0.027196884155273438,0.04404282569885254,0.013046741485595703
0.018699169158935547,0.0462033748626709,0.011676311492919922
0.017500638961791992,0.04637026786804199,0.016752958297729492
0.017763853073120117,0.0462040901184082,0.011658906936645508
0.018113374710083008,0.04495072364807129,0.011867284774780273
0.017369508743286133,0.044265031814575195,0.015036344528198242
0.019318580627441406,0.04438281059265137,0.011167526245117188
0.023937225341796875,0.04965949058532715,0.016010522842407227
0.018072843551635742,0.04218578338623047,0.011533498764038086
0.02324509620666504,0.04587292671203613,0.015653610229492188
0.017583847045898438,0.11517620086669922,0.10800981521606445
0.01801133155822754,0.06549072265625,0.012104034423828125
0.020859479904174805,0.046545982360839844,0.01297760009765625
0.018561124801635742,0.09972739219665527,0.013254404067993164
0.01687765121459961,0.0475764274597168,0.0117645263671875
0.02553725242614746,0.04904532432556152,0.01641535758972168
0.029900789260864258,0.06071805953979492,0.011572122573852539
0.05889773368835449,0.045217275619506836,0.013989448547363281
0.14305329322814941,0.04635024070739746,0.015583992004394531
0.01860523223876953,0.05032181739807129,0.011084318161010742
0.019683361053466797,0.049839019775390625,0.013521194458007812
0.01941537857055664,0.04920506477355957,0.013379573822021484
0.03044891357421875,0.047936201095581055,0.013469934463500977
0.019511938095092773,0.04506540298461914,0.012550115585327148
0.018330097198486328,0.04369854927062988,0.011594533920288086
0.018141984939575195,0.045287132263183594,0.011746644973754883
0.0446627140045166,0.047187089920043945,0.011696815490722656
0.018700838088989258,0.044525146484375,0.01741504669189453
0.01711583137512207,0.04910683631896973,0.011255741119384766
0.017949581146240234,0.047808170318603516,0.015349388122558594
0.018192052841186523,0.0480039119720459,0.013047933578491211
0.01669144630432129,0.048828125,0.0521852970123291
0.030406713485717773,0.04516267776489258,0.015347003936767578
0.01823258399963379,0.04290294647216797,0.014510154724121094
0.017621755599975586,0.04170107841491699,0.03022313117980957
0.018258094787597656,0.05719947814941406,0.0580601692199707
0.01802349090576172,0.04582047462463379,0.011797428131103516
0.01784491539001465,0.043825626373291016,0.011597871780395508
0.019606828689575195,0.04989433288574219,0.011704683303833008
0.061269283294677734,0.12063407897949219,0.011876583099365234
0.022768020629882812,0.043699026107788086,0.015058517456054688
0.03287315368652344,0.041441917419433594,0.0245053768157959
0.017986536026000977,0.043279409408569336,0.012911081314086914
0.019276142120361328,0.047920942306518555,0.01272130012512207
0.016093015670776367,0.04587817192077637,0.011948347091674805
0.017852306365966797,0.04460406303405762,0.013298511505126953
0.030120134353637695,0.04784274101257324,0.011393308639526367
0.029400348663330078,0.046817779541015625,0.011605262756347656
0.019952774047851562,0.04729652404785156,0.013557672500610352
0.023299694061279297,0.045732975006103516,0.011541604995727539
0.019731998443603516,0.04178428649902344,0.011534452438354492
0.018332958221435547,0.04540205001831055,0.0147857666015625
0.018808364868164062,0.046914100646972656,0.013969898223876953
0.019506216049194336,0.05006861686706543,0.029399633407592773
0.020257234573364258,0.04314708709716797,0.015378952026367188
0.017707347869873047,0.04681277275085449,0.012559890747070312
0.019643306732177734,0.05540299415588379,0.011239767074584961
0.01910257339477539,0.044995784759521484,0.015021800994873047
0.018170833587646484,0.04203462600708008,0.011661052703857422
0.019141197204589844,0.046334266662597656,0.01199483871459961
0.024302244186401367,0.04322171211242676,0.01119685173034668
0.01760411262512207,0.04755544662475586,0.011530876159667969
0.02964305877685547,0.1579608917236328,0.012429475784301758
0.018849849700927734,0.0420534610748291,0.03049302101135254
0.019376277923583984,0.0502161979675293,0.011232852935791016
0.04010653495788574,0.062455177307128906,0.09754037857055664
0.04772782325744629,0.04336094856262207,0.013839006423950195
0.0194091796875,0.0462336540222168,0.012592077255249023
0.018946409225463867,0.04647326469421387,0.013457298278808594
0.019176244735717773,0.048423051834106445,0.017890214920043945
0.01764702796936035,0.043886661529541016,0.012543678283691406
0.021376609802246094,0.05114030838012695,0.05583310127258301
0.01912665367126465,0.04317831993103027,0.014925718307495117
0.05217337608337402,0.053548574447631836,0.011679887771606445
0.020200252532958984,0.04289054870605469,0.011748790740966797
0.01920151710510254,0.04599714279174805,0.019338369369506836
0.038282155990600586,0.04318118095397949,0.014321327209472656
0.04022359848022461,0.04472923278808594,0.01458287239074707
0.025729656219482422,0.04272580146789551,0.011213302612304688
0.01789689064025879,0.04539608955383301,0.010755300521850586
0.018661022186279297,0.045583486557006836,0.011635780334472656
0.01812458038330078,0.048439979553222656,0.011011838912963867
0.017838001251220703,0.04178643226623535,0.011846542358398438
0.04150032997131348,0.04435992240905762,0.014141321182250977
0.017595529556274414,0.04459953308105469,0.011015892028808594
0.017373085021972656,0.04538702964782715,0.010919809341430664
0.01954197883605957,0.047310590744018555,0.011611223220825195
0.019141197204589844,0.04598879814147949,0.014097452163696289
0.03053450584411621,0.10499763488769531,0.013321161270141602
0.039695024490356445,0.04960966110229492,0.012171030044555664
0.021803855895996094,0.04430890083312988,0.011533737182617188
0.07134628295898438,0.11514854431152344,0.011644363403320312
0.020876407623291016,0.04437994956970215,0.01264643669128418
0.018664836883544922,0.04472756385803223,0.013483285903930664
0.027427196502685547,0.04277372360229492,0.01106119155883789
0.019385337829589844,0.047159433364868164,0.010865449905395508
0.03412580490112305,0.04189872741699219,0.011147737503051758
0.017122268676757812,0.04634213447570801,0.01603555679321289
0.03399181365966797,0.04227876663208008,0.011449098587036133
0.016590595245361328,0.04388737678527832,0.01102900505065918
0.05081009864807129,0.04420733451843262,0.01100921630859375
0.017662763595581055,0.046532392501831055,0.011152267456054688
0.018672466278076172,0.04832720756530762,0.010753393173217773
0.01885533332824707,0.04378247261047363,0.011058568954467773
0.020342588424682617,0.04176783561706543,0.010896444320678711
0.01752185821533203,0.04421043395996094,0.023779869079589844
0.017333507537841797,0.04935050010681152,0.022650718688964844
0.02041339874267578,0.04941082000732422,0.010945796966552734
0.019613027572631836,0.0504145622253418,0.011157751083374023
0.017023324966430664,0.042877912521362305,0.012909650802612305
0.018161535263061523,0.04141950607299805,0.01116943359375
0.05545496940612793,0.04300189018249512,0.01130056381225586
0.01883244514465332,0.04684090614318848,0.024126768112182617
0.04096841812133789,0.04045438766479492,0.010734319686889648
0.019988536834716797,0.13166308403015137,0.011286735534667969
0.023738861083984375,0.04248166084289551,0.011629343032836914
0.018580913543701172,0.04140949249267578,0.011152267456054688
0.0196988582611084,0.044870615005493164,0.013171911239624023
0.03327345848083496,0.05529975891113281,0.011387109756469727
0.020342111587524414,0.043462276458740234,0.011180639266967773
0.01963520050048828,0.04216146469116211,0.010857582092285156
0.0181124210357666,0.04637575149536133,0.011484384536743164
0.029779434204101562,0.04323148727416992,0.01394343376159668
0.0165560245513916,0.04392123222351074,0.01088404655456543
0.033385276794433594,0.04454994201660156,0.011309623718261719
0.034665584564208984,0.0440213680267334,0.05009770393371582
0.01939702033996582,0.042113304138183594,0.010833978652954102
0.017115354537963867,0.04406285285949707,0.011342048645019531
0.02051234245300293,0.04441499710083008,0.011397123336791992
0.02931833267211914,0.041654109954833984,0.01889657974243164
0.01655125617980957,0.042882442474365234,0.012550830841064453
0.018895864486694336,0.04252147674560547,0.01167154312133789
0.025443553924560547,0.04483437538146973,0.011115074157714844
0.017230987548828125,0.043604373931884766,0.011097192764282227
0.020497560501098633,0.044614315032958984,0.011365890502929688
0.017353057861328125,0.04569530487060547,0.012652873992919922
0.02157139778137207,0.04316115379333496,0.011296749114990234
0.01689291000366211,0.04225420951843262,0.012619495391845703
0.018669605255126953,0.04195380210876465,0.010803461074829102
0.01725029945373535,0.044119834899902344,0.011736869812011719
0.019272565841674805,0.04388141632080078,0.014127016067504883
0.020746707916259766,0.061387062072753906,0.010909795761108398
0.020784854888916016,0.04849123954772949,0.012480735778808594
0.019098997116088867,0.043015241622924805,0.06516098976135254
0.018576622009277344,0.04424095153808594,0.012354135513305664
0.022912025451660156,0.1395571231842041,0.011608362197875977
0.017362356185913086,0.04584145545959473,0.011094331741333008
0.02014303207397461,0.04403114318847656,0.01186990737915039
0.017934322357177734,0.04813194274902344,0.011422395706176758
0.017905473709106445,0.04809713363647461,0.013382673263549805
0.018045425415039062,0.04195046424865723,0.012088298797607422
0.020436525344848633,0.04439258575439453,0.06553363800048828
0.05489492416381836,0.04344439506530762,0.017038583755493164
0.022571563720703125,0.04627060890197754,0.015348196029663086
0.026824474334716797,0.05871772766113281,0.011623859405517578
0.02022385597229004,0.0458981990814209,0.012022733688354492
0.02348637580871582,0.0430910587310791,0.012258529663085938
0.018969297409057617,0.04697060585021973,0.011602401733398438
0.02032637596130371,0.046762704849243164,0.011201143264770508
0.025151729583740234,0.045876502990722656,0.011135101318359375
0.03861689567565918,0.04267382621765137,0.011985540390014648
0.017950773239135742,0.040665388107299805,0.011546134948730469
0.018083810806274414,0.04222393035888672,0.014503955841064453
0.01876044273376465,0.04425525665283203,0.015281438827514648
0.01887059211730957,0.04429888725280762,0.013495922088623047
0.016913652420043945,0.04417014122009277,0.03195500373840332
0.01928853988647461,0.04319119453430176,0.011595487594604492
0.016809701919555664,0.04947376251220703,0.011710166931152344
0.043942928314208984,0.11112689971923828,0.01134800910949707
0.020584583282470703,0.04010915756225586,0.011735200881958008
0.01706242561340332,0.0432436466217041,0.011295795440673828
0.029458284378051758,0.11873269081115723,0.09866666793823242
0.019165992736816406,0.04636335372924805,0.012255191802978516
0.028630733489990234,0.044677019119262695,0.011886119842529297
0.0168917179107666,0.04487347602844238,0.011152982711791992
0.022817611694335938,0.04511404037475586,0.011259794235229492
0.018268346786499023,0.04287433624267578,0.011579275131225586
0.026263713836669922,0.044137001037597656,0.012447595596313477
0.018328189849853516,0.04515647888183594,0.01336812973022461
0.018972396850585938,0.04397249221801758,0.044223785400390625
0.02001047134399414,0.044550418853759766,0.011362552642822266
0.018250703811645508,0.04267072677612305,0.012655496597290039
0.017559289932250977,0.04524850845336914,0.011050939559936523
0.12636327743530273,0.041380882263183594,0.011533975601196289
0.020658493041992188,0.04259848594665527,0.01560831069946289
0.016939640045166016,0.0432744026184082,0.011348724365234375
0.03186345100402832,0.04234051704406738,0.011161088943481445
0.017969846725463867,0.04549527168273926,0.03295612335205078
0.024152040481567383,0.04754304885864258,0.011597871780395508
0.016588687896728516,0.08058381080627441,0.011911392211914062
0.028645753860473633,0.046628713607788086,0.01296234130859375
0.04913020133972168,0.04958963394165039,0.011757850646972656
0.018361330032348633,0.04782843589782715,0.013147592544555664
0.0185697078704834,0.04600048065185547,0.011107206344604492
0.01982426643371582,0.0477602481842041,0.023259639739990234
0.018925905227661133,0.04355478286743164,0.011675834655761719
0.01827526092529297,0.045395851135253906,0.019200563430786133
0.022331953048706055,0.06755948066711426,0.011936187744140625
0.018028974533081055,0.04497385025024414,0.01702260971069336
0.016892194747924805,0.05044054985046387,0.012322664260864258
0.03002142906188965,0.041979074478149414,0.02348041534423828
0.018688440322875977,0.04223942756652832,0.011771202087402344
0.01812911033630371,0.04276132583618164,0.012046337127685547
0.018040895462036133,0.04321455955505371,0.011036157608032227
0.017235994338989258,0.046506404876708984,0.012879610061645508
0.01830601692199707,0.04205656051635742,0.011588811874389648
0.023945331573486328,0.043425798416137695,0.059007883071899414
0.03897690773010254,0.04470372200012207,0.012784719467163086
0.019129276275634766,0.04554009437561035,0.012409448623657227
0.01871037483215332,0.0468142032623291,0.012383699417114258
0.021047115325927734,0.04617929458618164,0.011316061019897461
0.01890110969543457,0.04320096969604492,0.011472940444946289
0.03513956069946289,0.043570756912231445,0.011014938354492188
0.01820969581604004,0.045194387435913086,0.011535167694091797
0.02251267433166504,0.0461268424987793,0.014534235000610352
0.04706740379333496,0.04492020606994629,0.018530845642089844
0.01838231086730957,0.04144001007080078,0.032131195068359375
0.018497228622436523,0.0426335334777832,0.011656999588012695
0.02350449562072754,0.0455477237701416,0.011984109878540039
0.017498254776000977,0.042499542236328125,0.011595726013183594
0.03510880470275879,0.08021187782287598,0.012813329696655273
0.024768590927124023,0.07694649696350098,0.012590885162353516
0.020298242568969727,0.04306602478027344,0.023200511932373047
0.020938873291015625,0.043215036392211914,0.011837244033813477
0.06746554374694824,0.0749821662902832,0.011608600616455078
0.029567241668701172,0.04580354690551758,0.01131892204284668
0.029033422470092773,0.04272770881652832,0.012658119201660156
0.03752565383911133,0.04378795623779297,0.011456489562988281
0.017459630966186523,0.04491090774536133,0.010808944702148438
0.019102096557617188,0.04583144187927246,0.014211893081665039
0.030007362365722656,0.043823957443237305,0.011144876480102539
0.03213238716125488,0.044461727142333984,0.06189680099487305
0.03860187530517578,0.04403877258300781,0.014141559600830078
0.04506111145019531,0.04829740524291992,0.011274099349975586
0.01817154884338379,0.0422208309173584,0.011500358581542969
0.01914501190185547,0.044751882553100586,0.024304628372192383
0.01826167106628418,0.04696536064147949,0.017521142959594727
0.043007850646972656,0.04436135292053223,0.010996341705322266
0.027350664138793945,0.04375171661376953,0.011765003204345703
0.0372314453125,0.0461885929107666,0.016924142837524414
0.017555952072143555,0.047185659408569336,0.022769451141357422
0.016543149948120117,0.0450592041015625,0.013267755508422852
0.01772451400756836,0.04373431205749512,0.010963201522827148
0.017121315002441406,0.04490494728088379,0.010599613189697266
0.017052888870239258,0.04508829116821289,0.010720491409301758
0.024705171585083008,0.04351162910461426,0.010829448699951172
0.018709897994995117,0.1123969554901123,0.09988093376159668
0.018516063690185547,0.043370723724365234,0.010794878005981445
0.03071308135986328,0.05129098892211914,0.016922950744628906
0.0184476375579834,0.043688058853149414,0.011784791946411133
0.033208370208740234,0.04846072196960449,0.010889053344726562
0.025194168090820312,0.04352736473083496,0.011314630508422852
0.018347978591918945,0.04285693168640137,0.011190652847290039
0.017319202423095703,0.04444694519042969,0.010980844497680664
0.01895427703857422,0.04196810722351074,0.055959224700927734
0.017815113067626953,0.04581737518310547,0.01051783561706543
0.018526077270507812,0.04286766052246094,0.010698080062866211
0.01809835433959961,0.04455876350402832,0.028455018997192383
0.019629478454589844,0.04523062705993652,0.01126241683959961
0.030615806579589844,0.04380011558532715,0.011424779891967773
0.01746845245361328,0.04534459114074707,0.011598825454711914
0.017292022705078125,0.04621553421020508,0.010761737823486328
0.025465011596679688,0.0403285026550293,0.01295328140258789
0.020789623260498047,0.04603147506713867,0.01245427131652832
0.06824994087219238,0.04587197303771973,0.010915756225585938
0.038384199142456055,0.043227434158325195,0.010830402374267578
0.016706466674804688,0.046831607818603516,0.010707855224609375
0.01980113983154297,0.04398703575134277,0.01067662239074707
0.0314793586730957,0.04368090629577637,0.010399103164672852
0.04663443565368652,0.04147601127624512,0.01209878921508789
0.01824951171875,0.041649818420410156,0.018544673919677734
0.01880812644958496,0.04933667182922363,0.010944128036499023
0.016959190368652344,0.046080589294433594,0.012523412704467773
0.021081209182739258,0.04720354080200195,0.013512611389160156
0.017896652221679688,0.046295881271362305,0.011921405792236328
0.019749164581298828,0.04288887977600098,0.010755062103271484
0.050731658935546875,0.04452228546142578,0.013910293579101562
0.023067235946655273,0.06148338317871094,0.010773181915283203
0.01875758171081543,0.044014692306518555,0.011148452758789062
0.01852560043334961,0.049698829650878906,0.01185297966003418
0.01902484893798828,0.05361366271972656,0.011524200439453125
0.0167844295501709,0.04451584815979004,0.01110386848449707
0.01918482780456543,0.04737353324890137,0.012086868286132812
0.01881885528564453,0.043839454650878906,0.011024713516235352
0.016110897064208984,0.042131900787353516,0.011816978454589844
0.0363466739654541,0.04357004165649414,0.011347055435180664
0.02020716667175293,0.04094958305358887,0.01325225830078125
0.02732253074645996,0.04633760452270508,0.016346216201782227
0.05520439147949219,0.047264814376831055,0.011019229888916016
0.026082992553710938,0.04432034492492676,0.011093616485595703
0.02147197723388672,0.04490351676940918,0.012756109237670898
0.06858968734741211,0.04645872116088867,0.013417959213256836
0.02838301658630371,0.044234275817871094,0.010544776916503906
0.01788616180419922,0.04534029960632324,0.010990619659423828
0.01967334747314453,0.046988725662231445,0.012066841125488281
0.017550945281982422,0.04607367515563965,0.010955572128295898
0.030572175979614258,0.04548144340515137,0.01143193244934082
0.04729509353637695,0.04466414451599121,0.011159420013427734
0.04416155815124512,0.0446925163269043,0.012502670288085938
0.031095027923583984,0.04548335075378418,0.011345863342285156
0.026002168655395508,0.08355426788330078,0.011419296264648438
0.0181424617767334,0.04511380195617676,0.01200246810913086
0.018378019332885742,0.04333233833312988,0.011625528335571289
0.016688823699951172,0.04854607582092285,0.011520862579345703
0.022606372833251953,0.055556297302246094,0.011175394058227539
0.016885757446289062,0.04361367225646973,0.010798215866088867
0.02335047721862793,0.04540276527404785,0.010775566101074219
0.01861858367919922,0.04287004470825195,0.011344432830810547
0.018723011016845703,0.048404693603515625,0.011609554290771484
0.04185652732849121,0.04411029815673828,0.011091232299804688
0.020967721939086914,0.04411649703979492,0.011227607727050781
0.016247034072875977,0.04521369934082031,0.0650625228881836
0.03363966941833496,0.04634261131286621,0.05716729164123535
0.019155502319335938,0.04637718200683594,0.012313127517700195
0.04122447967529297,0.0465087890625,0.012464523315429688
0.016977548599243164,0.042287349700927734,0.010933876037597656
0.017891645431518555,0.044892311096191406,0.011562585830688477
0.01897406578063965,0.04358553886413574,0.021346092224121094
0.02816009521484375,0.0446314811706543,0.011165142059326172
0.018507719039916992,0.047171592712402344,0.012920856475830078
0.019603967666625977,0.04432415962219238,0.011348724365234375
0.030677080154418945,0.043785810470581055,0.010763883590698242
0.017810583114624023,0.0474698543548584,0.012570619583129883
0.016978979110717773,0.04359602928161621,0.011250019073486328
0.0173032283782959,0.0427851676940918,0.04473710060119629
0.01693868637084961,0.04474210739135742,0.012162208557128906
0.017017364501953125,0.042510271072387695,0.011146783828735352
0.05295252799987793,0.045919179916381836,0.01149892807006836
0.044884681701660156,0.04501771926879883,0.011126279830932617
0.017240285873413086,0.07551836967468262,0.010910272598266602
0.018603086471557617,0.06556892395019531,0.012953758239746094
0.020325660705566406,0.04547882080078125,0.011179447174072266
0.03251361846923828,0.043102264404296875,0.012227296829223633
0.03106379508972168,0.04316258430480957,0.01116633415222168
0.020991802215576172,0.04652976989746094,0.011296272277832031
0.01842951774597168,0.045801639556884766,0.011075019836425781
0.024384021759033203,0.04475855827331543,0.01119089126586914
0.015992403030395508,0.04382920265197754,0.010796070098876953
0.016713380813598633,0.046968936920166016,0.021947860717773438
0.0183565616607666,0.043761253356933594,0.01162409782409668
0.017794370651245117,0.04697465896606445,0.011325836181640625
0.02942967414855957,0.04703783988952637,0.01233530044555664
0.04481148719787598,0.04223942756652832,0.013676166534423828
0.0182797908782959,0.044908761978149414,0.013406753540039062
0.018659591674804688,0.04528403282165527,0.011314868927001953
0.02324366569519043,0.04616498947143555,0.010970592498779297
0.016353130340576172,0.043299198150634766,0.011175155639648438
0.017884254455566406,0.04286694526672363,0.011125564575195312
0.016948461532592773,0.04399752616882324,0.012185096740722656
0.04559326171875,0.04723811149597168,0.013908863067626953
0.016813278198242188,0.04265332221984863,0.011877775192260742
0.028681278228759766,0.04724287986755371,0.010920047760009766
0.018996000289916992,0.0509638786315918,0.012112617492675781
0.021172761917114258,0.044602155685424805,0.011144161224365234
0.04932665824890137,0.04724454879760742,0.01370859146118164
0.01935267448425293,0.04601645469665527,0.013399362564086914
0.019506454467773438,0.04571270942687988,0.010993480682373047
0.019063949584960938,0.0533754825592041,0.012471675872802734
0.05104231834411621,0.06480765342712402,0.01122736930847168
0.021977901458740234,0.04441213607788086,0.011689424514770508
0.0509486198425293,0.04892468452453613,0.012720108032226562
0.017557144165039062,0.042919158935546875,0.011252403259277344
0.030313491821289062,0.046391963958740234,0.010973215103149414
0.030699968338012695,0.04355049133300781,0.011401653289794922
0.019011497497558594,0.04273509979248047,0.012359857559204102
0.018853187561035156,0.04430961608886719,0.012354373931884766
0.025214433670043945,0.06117725372314453,0.05788993835449219
0.01768016815185547,0.0493927001953125,0.010863304138183594
0.02982044219970703,0.04544401168823242,0.010632753372192383
0.02185368537902832,0.044532060623168945,0.011668682098388672
0.017788410186767578,0.04350757598876953,0.012159109115600586
0.01804971694946289,0.04493975639343262,0.011551380157470703
0.01750016212463379,0.04536104202270508,0.011897802352905273
0.017353296279907227,0.04561281204223633,0.014235258102416992
0.027135610580444336,0.043152570724487305,0.014759540557861328
0.025458097457885742,0.04651165008544922,0.01168370246887207
0.0174410343170166,0.045937538146972656,0.013087749481201172
0.02192831039428711,0.043196678161621094,0.016269445419311523
0.018735170364379883,0.04551339149475098,0.010909318923950195
0.0192263126373291,0.045256614685058594,0.012951135635375977
0.020267724990844727,0.04327726364135742,0.01869034767150879
0.019348621368408203,0.04536318778991699,0.010566473007202148
0.019962549209594727,0.043740034103393555,0.04027366638183594
0.03747820854187012,0.04282569885253906,0.01125645637512207
0.029112815856933594,0.051187992095947266,0.0322270393371582
0.028472423553466797,0.04571366310119629,0.015466451644897461
0.017694950103759766,0.04397845268249512,0.011788129806518555
0.017792701721191406,0.044042348861694336,0.01124429702758789
0.019895553588867188,0.04469013214111328,0.01116037368774414
0.019506216049194336,0.043534040451049805,0.011966705322265625
0.018767118453979492,0.043639421463012695,0.012079954147338867
0.08564519882202148,0.043889760971069336,0.05709052085876465
0.056798458099365234,0.04602861404418945,0.02663278579711914
0.024106740951538086,0.04553103446960449,0.011103630065917969
0.03736615180969238,0.04329037666320801,0.011530399322509766
0.021548032760620117,0.04438281059265137,0.01345682144165039
0.02577972412109375,0.0448610782623291,0.012617826461791992
0.030867338180541992,0.04514741897583008,0.011246204376220703
0.02391815185546875,0.0417327880859375,0.015427827835083008
0.021523714065551758,0.04659247398376465,0.0122833251953125
0.04466891288757324,0.04715609550476074,0.011239290237426758
0.0246126651763916,0.04628276824951172,0.011188983917236328
0.037470340728759766,0.049704790115356445,0.01326894760131836
0.02301812171936035,0.0480959415435791,0.016085386276245117
0.06413435935974121,0.04164385795593262,0.011268138885498047
0.021155834197998047,0.04617953300476074,0.011202812194824219
0.03177928924560547,0.04218006134033203,0.010688304901123047
0.03342080116271973,0.0847940444946289,0.011731386184692383
0.021558046340942383,0.05136251449584961,0.010966062545776367
0.045111894607543945,0.04728341102600098,0.011080026626586914
0.022669076919555664,0.06954693794250488,0.011265277862548828
0.023992061614990234,0.04477953910827637,0.010728120803833008
0.02451944351196289,0.04437088966369629,0.011232614517211914
0.021947860717773438,0.042359113693237305,0.01065683364868164
0.030757665634155273,0.04276084899902344,0.011060714721679688
0.02292943000793457,0.0449066162109375,0.012640237808227539
0.02865314483642578,0.04801344871520996,0.012085437774658203
0.023572206497192383,0.04207897186279297,0.01104283332824707
0.049601078033447266,0.04718327522277832,0.011006593704223633
0.020955562591552734,0.08376383781433105,0.012716531753540039
0.02199864387512207,0.04378199577331543,0.011430501937866211
0.02167534828186035,0.04485654830932617,0.011188268661499023
0.02108931541442871,0.04099440574645996,0.01235342025756836
0.03301668167114258,0.04866290092468262,0.012020349502563477
0.02275252342224121,0.044306039810180664,0.01215362548828125
0.02218794822692871,0.044458866119384766,0.018876314163208008
0.02361583709716797,0.04377174377441406,0.01107645034790039
0.03010869026184082,0.04511761665344238,0.01092672348022461
0.0428311824798584,0.04565024375915527,0.011669397354125977
0.022284269332885742,0.044164419174194336,0.011989355087280273
0.022839784622192383,0.042768239974975586,0.042500972747802734
0.02996230125427246,0.05150437355041504,0.011096954345703125
0.05332803726196289,0.04697227478027344,0.011451005935668945
0.10016131401062012,0.05467367172241211,0.01131129264831543
0.02240920066833496,0.04680895805358887,0.011046171188354492
0.021277427673339844,0.06039595603942871,0.011547327041625977
0.03313446044921875,0.1267859935760498,0.012901544570922852
0.021575450897216797,0.04537177085876465,0.012256622314453125
0.022217988967895508,0.04312562942504883,0.015845298767089844
0.21342945098876953,0.04652118682861328,0.011595726013183594
0.021491289138793945,0.05059647560119629,0.011521577835083008
0.03152942657470703,0.04750394821166992,0.010978460311889648
0.026987314224243164,0.04369807243347168,0.011462211608886719
0.022452354431152344,0.05371904373168945,0.012197017669677734
0.022675514221191406,0.04588007926940918,0.017664670944213867
0.022119522094726562,0.04550337791442871,0.011720657348632812
0.025953054428100586,0.04356503486633301,0.011930227279663086
0.047132015228271484,0.04625892639160156,0.01224374771118164
0.024402618408203125,0.0471196174621582,0.010836124420166016
0.02131199836730957,0.04489755630493164,0.012642621994018555
0.020794153213500977,0.04589200019836426,0.011623620986938477
0.02408146858215332,0.04451274871826172,0.010772228240966797
0.02869248390197754,0.04631829261779785,0.01087045669555664
0.02241992950439453,0.06135869026184082,0.013115167617797852
0.021714448928833008,0.04164385795593262,0.012946128845214844
0.021898984909057617,0.046959638595581055,0.011151552200317383
0.024381399154663086,0.04417157173156738,0.011474132537841797
0.03217363357543945,0.046248435974121094,0.011081218719482422
0.027004003524780273,0.11702513694763184,0.011562347412109375
0.028388261795043945,0.04739665985107422,0.012484312057495117
0.04181551933288574,0.04626941680908203,0.011257171630859375
0.02272486686706543,0.059892892837524414,0.01208639144897461
0.021249055862426758,0.04319429397583008,0.01449441909790039
0.025791406631469727,0.04588437080383301,0.010859489440917969
0.035303354263305664,0.05130338668823242,0.013967275619506836
0.031072378158569336,0.04672741889953613,0.04083561897277832
0.022771835327148438,0.04333853721618652,0.011496782302856445
0.022809267044067383,0.046994686126708984,0.013795137405395508
0.033751726150512695,0.04665994644165039,0.012090444564819336
0.02103400230407715,0.04356503486633301,0.010897397994995117
0.03367447853088379,0.07776641845703125,0.06848478317260742
0.028584718704223633,0.04545283317565918,0.0628817081451416
0.021050691604614258,0.0446014404296875,0.014394521713256836
0.020884037017822266,0.04459261894226074,0.011789321899414062
0.02593708038330078,0.04436850547790527,0.015223979949951172
0.024038314819335938,0.04313826560974121,0.015030622482299805
0.02324223518371582,0.04485917091369629,0.012295722961425781
0.1964261531829834,0.055608510971069336,0.012974739074707031
0.02164936065673828,0.04269838333129883,0.012021780014038086
0.03230738639831543,0.04511308670043945,0.015797138214111328
0.02052760124206543,0.04659080505371094,0.012042522430419922
0.022029399871826172,0.0421295166015625,0.011632680892944336
0.02049422264099121,0.04729437828063965,0.011608600616455078
0.0705418586730957,0.04550457000732422,0.011414766311645508
0.022412776947021484,0.04344940185546875,0.014562368392944336
0.04381823539733887,0.04219341278076172,0.04275918006896973
0.039238929748535156,0.049631357192993164,0.012034416198730469
0.04573845863342285,0.04565691947937012,0.012253522872924805
0.022960901260375977,0.04421186447143555,0.0118560791015625
0.02434229850769043,0.04572033882141113,0.011417627334594727
0.02167677879333496,0.045983314514160156,0.011161565780639648
0.06365752220153809,0.04313254356384277,0.011783838272094727
0.02038121223449707,0.08008265495300293,0.012897729873657227
0.019510507583618164,0.04478287696838379,0.011394023895263672
0.022806882858276367,0.044675588607788086,0.011402606964111328
0.019402742385864258,0.04477286338806152,0.01842641830444336
0.017267465591430664,0.04661750793457031,0.011669397354125977
0.02792954444885254,0.04575514793395996,0.011165380477905273
0.018556833267211914,0.04470944404602051,0.012374401092529297
0.01834893226623535,0.04449748992919922,0.011712312698364258
0.01928257942199707,0.04405856132507324,0.026458740234375
0.017855167388916016,0.04200291633605957,0.01150202751159668
0.02336597442626953,0.04637289047241211,0.01144862174987793
0.019095897674560547,0.04829072952270508,0.012013435363769531
0.031316280364990234,0.043466806411743164,0.011847734451293945
0.01932978630065918,0.043076515197753906,0.011422872543334961
0.0388948917388916,0.04566192626953125,0.0240170955657959
0.018831968307495117,0.04640054702758789,0.011444568634033203
0.027730464935302734,0.045555830001831055,0.011208057403564453
0.030314922332763672,0.0826730728149414,0.012452125549316406
0.020048141479492188,0.04288625717163086,0.011708498001098633
0.01711273193359375,0.04532027244567871,0.011977195739746094
0.021823644638061523,0.04556846618652344,0.013471364974975586
0.028876304626464844,0.04559445381164551,0.03503274917602539
0.019364595413208008,0.04849863052368164,0.011174678802490234
0.019730091094970703,0.04311060905456543,0.011855840682983398
0.01864790916442871,0.04331612586975098,0.011586904525756836
0.022933483123779297,0.04656481742858887,0.011600255966186523
0.017945289611816406,0.04282808303833008,0.011709928512573242
0.025341272354125977,0.0435178279876709,0.011370658874511719
0.020036935806274414,0.04385209083557129,0.01232147216796875
0.01948261260986328,0.04304957389831543,0.01172018051147461
0.017540931701660156,0.08485150337219238,0.011886358261108398
0.05118727684020996,0.04597067832946777,0.01291036605834961
0.01822805404663086,0.04337906837463379,0.011542081832885742
0.017194032669067383,0.04540109634399414,0.011644601821899414
0.02175426483154297,0.04594755172729492,0.011809587478637695
0.019324779510498047,0.04588794708251953,0.014693737030029297
0.027351856231689453,0.04509115219116211,0.011663198471069336
0.01861715316772461,0.04796099662780762,0.012157201766967773
0.02249932289123535,0.04465365409851074,0.012687444686889648
0.0190579891204834,0.04633688926696777,0.012615203857421875
0.018462181091308594,0.04098010063171387,0.011609315872192383
0.019056081771850586,0.047153472900390625,0.01827383041381836
0.01866888999938965,0.04378795623779297,0.011813879013061523
0.01808333396911621,0.04412269592285156,0.011168956756591797
0.01941967010498047,0.047738075256347656,0.012656450271606445
0.01748967170715332,0.06588077545166016,0.01162409782409668
0.018439292907714844,0.04740166664123535,0.011351585388183594
0.018805980682373047,0.04617595672607422,0.011651277542114258
0.024162769317626953,0.048110008239746094,0.0276181697845459
0.03176689147949219,0.08916401863098145,0.01114034652709961
0.018380403518676758,0.0509648323059082,0.011689901351928711
0.01854562759399414,0.04539847373962402,0.014103174209594727
0.0422055721282959,0.0638895034790039,0.013139009475708008
0.04648327827453613,0.046417236328125,0.014654874801635742
0.03205108642578125,0.04522299766540527,0.013557910919189453
0.023560523986816406,0.04373598098754883,0.012413263320922852
0.022490739822387695,0.04822254180908203,0.014161825180053711
0.024885892868041992,0.0463712215423584,0.011548519134521484
0.019387483596801758,0.04378223419189453,0.011716365814208984
0.019559144973754883,0.04341864585876465,0.06813287734985352
0.018278837203979492,0.04458045959472656,0.014239072799682617
0.02426457405090332,0.047130584716796875,0.01213693618774414
0.027757644653320312,0.08717703819274902,0.011484146118164062
0.01998162269592285,0.04479169845581055,0.02321910858154297
0.027448177337646484,0.04591202735900879,0.012289047241210938
0.018678665161132812,0.04600858688354492,0.012847185134887695
0.021869182586669922,0.04417848587036133,0.014828205108642578
0.020169496536254883,0.0448756217956543,0.013735532760620117
0.022829771041870117,0.04457879066467285,0.012264490127563477
0.02102041244506836,0.04542398452758789,0.012517929077148438
0.018517494201660156,0.0440516471862793,0.012758016586303711
0.020982980728149414,0.09197306632995605,0.012172698974609375
0.019455909729003906,0.04436802864074707,0.013923406600952148
0.020577430725097656,0.047528743743896484,0.02001953125
0.019361257553100586,0.0990903377532959,0.013903379440307617
0.020155668258666992,0.042978763580322266,0.012111425399780273
0.031130552291870117,0.042765140533447266,0.016773223876953125
0.01892399787902832,0.04573202133178711,0.014822006225585938
0.022513628005981445,0.046655893325805664,0.012890100479125977
0.018496990203857422,0.04481053352355957,0.012359619140625
0.018930435180664062,0.055271148681640625,0.013215780258178711
0.06881117820739746,0.04723525047302246,0.015180826187133789
0.023230791091918945,0.043439388275146484,0.011711835861206055
0.07462143898010254,0.04439997673034668,0.014091730117797852
0.019994497299194336,0.042633771896362305,0.012439489364624023
0.030847787857055664,0.04491686820983887,0.012237071990966797
0.021207332611083984,0.04666447639465332,0.01147007942199707
0.020106792449951172,0.04501938819885254,0.012587785720825195
0.02267599105834961,0.0420224666595459,0.012485504150390625
0.019114971160888672,0.04571247100830078,0.012399911880493164
0.019657373428344727,0.044513702392578125,0.012373924255371094
0.03543901443481445,0.04184889793395996,0.011643648147583008
0.020982742309570312,0.043346405029296875,0.014138221740722656
0.04410719871520996,0.04607796669006348,0.055751800537109375
0.027931928634643555,0.0468134880065918,0.012483835220336914
0.018553733825683594,0.0453953742980957,0.011655807495117188
0.021519899368286133,0.048087358474731445,0.011625051498413086
0.031488656997680664,0.13033032417297363,0.013552665710449219
0.01944708824157715,0.044384002685546875,0.011484861373901367
0.06758308410644531,0.04340696334838867,0.015044212341308594
0.022551536560058594,0.06740832328796387,0.0627894401550293
0.019540786743164062,0.04468965530395508,0.016918182373046875
0.02053236961364746,0.04441118240356445,0.01215052604675293
0.029447317123413086,0.04666924476623535,0.012153863906860352
0.049742698669433594,0.044679880142211914,0.01218104362487793
0.05098128318786621,0.04849410057067871,0.01409602165222168
0.019830942153930664,0.04233551025390625,0.01355123519897461
0.017855167388916016,0.044089317321777344,0.011949777603149414
0.019083261489868164,0.0436403751373291,0.017877578735351562
0.018002033233642578,0.04585433006286621,0.012634515762329102
0.019683837890625,0.04648280143737793,0.011613607406616211
0.019345521926879883,0.04586482048034668,0.011306524276733398
0.017172813415527344,0.045038461685180664,0.011645793914794922
0.01895618438720703,0.04652690887451172,0.011855363845825195
0.02383565902709961,0.04320955276489258,0.012771368026733398
0.02274918556213379,0.043855905532836914,0.012101411819458008
0.023329496383666992,0.04231667518615723,0.01195979118347168
0.021131038665771484,0.04492306709289551,0.013139963150024414
0.01737833023071289,0.04528951644897461,0.011497735977172852
0.02813124656677246,0.0460512638092041,0.012431859970092773
0.017174720764160156,0.04461073875427246,0.011621713638305664
0.02934122085571289,0.045653343200683594,0.012454748153686523
0.016501903533935547,0.044646501541137695,0.011477231979370117
0.018657684326171875,0.08796024322509766,0.021028995513916016
0.02179718017578125,0.04423785209655762,0.011521100997924805
0.01953911781311035,0.0437014102935791,0.01201486587524414
0.020148754119873047,0.04719257354736328,0.012501239776611328
0.019620656967163086,0.06574225425720215,0.06053519248962402
0.019302845001220703,0.0455324649810791,0.011635780334472656
0.019340038299560547,0.0455625057220459,0.012125968933105469
0.01742410659790039,0.04151010513305664,0.011657476425170898
0.01829361915588379,0.043112993240356445,0.011955738067626953
0.016999244689941406,0.04302048683166504,0.014447450637817383
0.048888444900512695,0.045740604400634766,0.012254476547241211
0.01683640480041504,0.045690059661865234,0.012745857238769531
0.01839470863342285,0.08646798133850098,0.011414527893066406
0.019071102142333984,0.04216146469116211,0.012615203857421875
0.018163442611694336,0.04531979560852051,0.013971805572509766
0.01717400550842285,0.042337656021118164,0.023090600967407227
0.024223804473876953,0.05417776107788086,0.057504892349243164
0.01723623275756836,0.04403948783874512,0.022606611251831055
0.018486976623535156,0.044028520584106445,0.013449907302856445
0.019205093383789062,0.043984174728393555,0.011412382125854492
0.05164599418640137,0.044333696365356445,0.011764049530029297
0.021816015243530273,0.04093050956726074,0.012325763702392578
0.01832103729248047,0.04679536819458008,0.011810541152954102
0.016646146774291992,0.04296731948852539,0.015213966369628906
0.018227815628051758,0.04191923141479492,0.010709762573242188
0.01761651039123535,0.04287266731262207,0.01186370849609375
0.01771235466003418,0.04566311836242676,0.011251211166381836
0.04084157943725586,0.0470881462097168,0.05251359939575195
0.03279232978820801,0.04453897476196289,0.013075113296508789
0.01869034767150879,0.04298543930053711,0.011161088943481445
0.01856851577758789,0.04605817794799805,0.021679162979125977
0.022505521774291992,0.06009936332702637,0.012010812759399414
0.017760038375854492,0.04295516014099121,0.011005878448486328
0.020667076110839844,0.04190969467163086,0.012063264846801758
0.053331851959228516,0.043768882751464844,0.012207508087158203
0.017503976821899414,0.04768681526184082,0.011252880096435547
0.024209260940551758,0.04407787322998047,0.014212846755981445
0.06267333030700684,0.044554710388183594,0.011665582656860352
0.017406702041625977,0.0444793701171875,0.011172771453857422
0.021695852279663086,0.04236865043640137,0.010889291763305664
0.02438831329345703,0.04350090026855469,0.011343240737915039
0.0249936580657959,0.08177733421325684,0.01146078109741211
0.01937699317932129,0.045564889907836914,0.011313438415527344
0.017188072204589844,0.04669022560119629,0.01165461540222168
0.018800973892211914,0.04470992088317871,0.011243104934692383
0.02082657814025879,0.04333806037902832,0.010679483413696289
0.016451358795166016,0.04357409477233887,0.01119232177734375
0.018298625946044922,0.04242753982543945,0.01156306266784668
0.01716780662536621,0.04442644119262695,0.019269943237304688
0.017345666885375977,0.04282832145690918,0.012588739395141602
0.017740249633789062,0.04474902153015137,0.011208057403564453
0.017873764038085938,0.04271197319030762,0.01204991340637207
0.017798662185668945,0.044750213623046875,0.01216888427734375
0.08614873886108398,0.044928789138793945,0.011735677719116211
0.03956031799316406,0.09619474411010742,0.0116729736328125
0.019739151000976562,0.042176008224487305,0.011571168899536133
0.02009725570678711,0.04205822944641113,0.011111974716186523
0.019360780715942383,0.08574295043945312,0.012239456176757812
0.01714301109313965,0.04456925392150879,0.011045217514038086
0.017014503479003906,0.04553818702697754,0.011551380157470703
0.02454400062561035,0.04518890380859375,0.01174306869506836
0.01661396026611328,0.04280209541320801,0.011476993560791016
0.021641254425048828,0.04418325424194336,0.013930082321166992
0.020775556564331055,0.04083085060119629,0.011963844299316406
0.03492546081542969,0.04688286781311035,0.011117935180664062
0.024720430374145508,0.043707847595214844,0.012406110763549805
0.027676820755004883,0.044909000396728516,0.013620138168334961
0.0181882381439209,0.044996023178100586,0.014997005462646484
0.020268917083740234,0.045000553131103516,0.010815620422363281
0.020455121994018555,0.03961944580078125,0.0389859676361084
0.018029451370239258,0.045135498046875,0.011598825454711914
0.01926136016845703,0.04314064979553223,0.012500524520874023
0.0219724178314209,0.044145822525024414,0.01208639144897461
0.01628875732421875,0.04248213768005371,0.01631641387939453
0.019393205642700195,0.04367947578430176,0.012125015258789062
0.0162050724029541,0.045598506927490234,0.01157689094543457
0.06330108642578125,0.04332137107849121,0.011947393417358398
0.02029871940612793,0.044408321380615234,0.011028528213500977
0.01849365234375,0.04610276222229004,0.010713338851928711
0.027210235595703125,0.044114112854003906,0.01111602783203125
0.0186922550201416,0.049643516540527344,0.012499332427978516
0.032419681549072266,0.04851245880126953,0.012206792831420898
0.01973128318786621,0.045441389083862305,0.012839078903198242
0.037007808685302734,0.04428267478942871,0.019051074981689453
0.020870685577392578,0.04617047309875488,0.011619806289672852
0.11110806465148926,0.043807268142700195,0.01170492172241211
0.029262542724609375,0.04301905632019043,0.01161336898803711
0.020342350006103516,0.04075479507446289,0.012164592742919922
0.01803278923034668,0.0847322940826416,0.018628358840942383
0.01705312728881836,0.04327106475830078,0.01154637336730957
0.03191971778869629,0.045670509338378906,0.011162519454956055
0.017587900161743164,0.04440760612487793,0.013720989227294922
0.0494382381439209,0.046602725982666016,0.011425018310546875
0.04282712936401367,0.04389047622680664,0.011225223541259766
0.017071247100830078,0.04674220085144043,0.011621713638305664
0.022237062454223633,0.041795969009399414,0.012407541275024414
0.05146932601928711,0.04162287712097168,0.062317848205566406
0.06340289115905762,0.04527997970581055,0.014011144638061523
0.017867088317871094,0.04268002510070801,0.011559247970581055
0.01899266242980957,0.04723954200744629,0.011446475982666016
0.016400575637817383,0.04307413101196289,0.011358261108398438
0.01715087890625,0.043322086334228516,0.011062860488891602
0.031255245208740234,0.04738306999206543,0.01139974594116211
0.017567157745361328,0.04290032386779785,0.012057065963745117
0.027298688888549805,0.04487109184265137,0.017266511917114258
0.024564743041992188,0.04157423973083496,0.01206827163696289
0.03986215591430664,0.048182010650634766,0.011390924453735352
0.03824901580810547,0.11101341247558594,0.015316486358642578
0.020320415496826172,0.04470062255859375,0.012239694595336914
0.02182316780090332,0.04081845283508301,0.011400461196899414
0.026728391647338867,0.09494256973266602,0.011767864227294922
0.01892399787902832,0.0411381721496582,0.02404618263244629
0.02005791664123535,0.04308009147644043,0.01116323471069336
0.028569459915161133,0.04238414764404297,0.012291669845581055
0.020234107971191406,0.044245243072509766,0.011202573776245117
0.01988053321838379,0.04244852066040039,0.0133209228515625
0.01811814308166504,0.046134233474731445,0.01154184341430664
0.019373655319213867,0.04400897026062012,0.012062788009643555
0.02881932258605957,0.04740619659423828,0.01330256462097168
0.01927018165588379,0.04406023025512695,0.011370658874511719
0.01942586898803711,0.04326033592224121,0.012466907501220703
0.02495861053466797,0.044068336486816406,0.011399269104003906
0.01881241798400879,0.045058250427246094,0.012592077255249023
0.017908573150634766,0.04447507858276367,0.01215219497680664
0.026616573333740234,0.044054508209228516,0.011461734771728516
0.023519039154052734,0.041790008544921875,0.011491537094116211
0.019447803497314453,0.046366214752197266,0.011881589889526367
0.018589258193969727,0.0466008186340332,0.012413263320922852
0.019982099533081055,0.041674137115478516,0.01130366325378418
0.020650863647460938,0.04070138931274414,0.01113438606262207
0.017449140548706055,0.04816937446594238,0.011587381362915039
0.01947760581970215,0.0451047420501709,0.02852773666381836
0.017731904983520508,0.045365333557128906,0.012540340423583984
0.02021002769470215,0.04077625274658203,0.013403654098510742
0.037042856216430664,0.0758051872253418,0.013222217559814453
0.01795673370361328,0.043041229248046875,0.011214017868041992
0.0429530143737793,0.041048526763916016,0.010877847671508789
0.018680334091186523,0.04925084114074707,0.012422561645507812
0.028575420379638672,0.09275460243225098,0.01388239860534668
0.0380709171295166,0.045031070709228516,0.013777732849121094
0.01966118812561035,0.04519057273864746,0.01130223274230957
0.01931309700012207,0.04523921012878418,0.01079416275024414
0.01831340789794922,0.04624652862548828,0.012765884399414062
0.018018007278442383,0.04251503944396973,0.011511802673339844
0.01773238182067871,0.04106473922729492,0.01190328598022461
0.01865673065185547,0.042559146881103516,0.01143503189086914
0.01794576644897461,0.04871368408203125,0.011207818984985352
0.018043994903564453,0.04464006423950195,0.011226177215576172
0.027769804000854492,0.04976344108581543,0.01113271713256836
0.01648402214050293,0.04302668571472168,0.011702299118041992
0.01881718635559082,0.04617452621459961,0.012973785400390625
0.019420385360717773,0.04398345947265625,0.025037765502929688
0.02792835235595703,0.050275564193725586,0.013171195983886719
0.01979827880859375,0.042658329010009766,0.05044865608215332
0.018329381942749023,0.048132896423339844,0.013622045516967773
0.01829218864440918,0.04533505439758301,0.013933658599853516
0.018177270889282227,0.044800758361816406,0.011493206024169922
0.02089524269104004,0.04282426834106445,0.01137399673461914
0.019945859909057617,0.06679153442382812,0.01908135414123535
0.0818026065826416,0.044339895248413086,0.011696815490722656
0.01900029182434082,0.046578168869018555,0.013212919235229492
0.020324230194091797,0.044446706771850586,0.038774967193603516
0.03208136558532715,0.045717716217041016,0.011434316635131836
0.018696069717407227,0.04238009452819824,0.011210441589355469
0.024599552154541016,0.05275440216064453,0.011276960372924805
0.01679825782775879,0.04388427734375,0.011484622955322266
0.018381834030151367,0.0439455509185791,0.05213212966918945
0.01832747459411621,0.04428815841674805,0.012371540069580078
0.017454862594604492,0.041074514389038086,0.011358976364135742
0.017348051071166992,0.048536062240600586,0.012367010116577148
0.01914381980895996,0.04518699645996094,0.012057781219482422
0.019168853759765625,0.04439854621887207,0.012016057968139648
0.017841577529907227,0.044567108154296875,0.022302865982055664
0.022417068481445312,0.042170047760009766,0.011490106582641602
0.05963134765625,0.04756498336791992,0.01945805549621582
0.02456188201904297,0.0427858829498291,0.011748552322387695
0.06726336479187012,0.04230976104736328,0.05451679229736328
0.037865400314331055,0.04364943504333496,0.014002799987792969
0.019337892532348633,0.04537057876586914,0.011088132858276367
0.019706010818481445,0.04515719413757324,0.020843982696533203
0.019340991973876953,0.04486823081970215,0.010185003280639648
0.017284393310546875,0.04172348976135254,0.010246753692626953
0.0494840145111084,0.048597097396850586,0.010264873504638672
0.01880192756652832,0.04425621032714844,0.009448766708374023
0.018080949783325195,0.04319477081298828,0.010144710540771484
0.0192568302154541,0.04799795150756836,0.010187149047851562
0.04972076416015625,0.0448763370513916,0.010755777359008789
0.019597291946411133,0.07985877990722656,0.011562585830688477
0.020432472229003906,0.05752062797546387,0.01037740707397461
0.05125904083251953,0.042185068130493164,0.011318445205688477
0.01866936683654785,0.04445195198059082,0.010074377059936523
0.046059370040893555,0.052852630615234375,0.011963129043579102
0.01810479164123535,0.04254508018493652,0.011092901229858398
0.0190579891204834,0.043729305267333984,0.010841608047485352
0.03577685356140137,0.04621243476867676,0.012186527252197266
0.03024125099182129,0.04569721221923828,0.011228561401367188
0.019583463668823242,0.046813249588012695,0.011167287826538086
0.021595001220703125,0.04183697700500488,0.010548591613769531
0.021146297454833984,0.04568767547607422,0.009899139404296875
0.019634008407592773,0.04219245910644531,0.01055288314819336
0.02271556854248047,0.04233860969543457,0.014424324035644531
0.02013993263244629,0.04357767105102539,0.010745525360107422
0.026183605194091797,0.04696798324584961,0.010422706604003906
0.018239736557006836,0.04329562187194824,0.010442495346069336
0.04651045799255371,0.0429379940032959,0.009905338287353516
0.019837379455566406,0.04251551628112793,0.009950637817382812
0.01967906951904297,0.04338431358337402,0.010577917098999023
0.01890254020690918,0.047672271728515625,0.010591506958007812
0.01766037940979004,0.044460296630859375,0.010280132293701172
0.01949310302734375,0.044086456298828125,0.010070562362670898
0.01725935935974121,0.041198015213012695,0.010019540786743164
0.016350507736206055,0.04573631286621094,0.010226964950561523
0.01666569709777832,0.04297614097595215,0.01340627670288086
0.017792463302612305,0.04620003700256348,0.009839773178100586
0.016664981842041016,0.04170966148376465,0.009564399719238281
0.02181410789489746,0.09792017936706543,0.012537002563476562
0.017325639724731445,0.05062127113342285,0.010139942169189453
0.01983189582824707,0.04050254821777344,0.009987831115722656
0.0456690788269043,0.07700157165527344,0.010703563690185547
0.01756763458251953,0.04486989974975586,0.009569168090820312
0.017688751220703125,0.04642224311828613,0.01400613784790039
0.023983478546142578,0.0462803840637207,0.04613184928894043
0.017017364501953125,0.0489957332611084,0.010798215866088867
0.036745309829711914,0.04335761070251465,0.010753631591796875
0.02577352523803711,0.05122494697570801,0.010728597640991211
0.020911455154418945,0.042168617248535156,0.012018918991088867
0.01959228515625,0.0490877628326416,0.010278701782226562
0.017409563064575195,0.07862448692321777,0.010839223861694336
0.027491331100463867,0.04498434066772461,0.01078486442565918
0.01765727996826172,0.043894290924072266,0.01043391227722168
0.017389774322509766,0.046929121017456055,0.010271787643432617
0.01849508285522461,0.04619574546813965,0.010676383972167969
0.027499675750732422,0.048020124435424805,0.010185003280639648
0.030237197875976562,0.04419064521789551,0.012363672256469727
0.019287586212158203,0.043717145919799805,0.010471105575561523
0.019444942474365234,0.046668291091918945,0.010029792785644531
0.017279863357543945,0.04545950889587402,0.00997471809387207
0.022713661193847656,0.04530525207519531,0.01109933853149414
0.08827519416809082,0.0437321662902832,0.012451410293579102
0.03641080856323242,0.04673886299133301,0.012229204177856445
0.019440412521362305,0.06998968124389648,0.012671470642089844
0.021864891052246094,0.07226276397705078,0.012093067169189453
0.04574012756347656,0.04402613639831543,0.012226581573486328
0.018153905868530273,0.04238414764404297,0.011354923248291016
0.019009828567504883,0.04603743553161621,0.011153459548950195
0.026294708251953125,0.047391414642333984,0.033594608306884766
0.04175758361816406,0.04660964012145996,0.009865760803222656
0.021712541580200195,0.046051979064941406,0.014582395553588867
0.020222187042236328,0.04564213752746582,0.011202096939086914
0.03657078742980957,0.04338240623474121,0.01044321060180664
0.025943279266357422,0.09017634391784668,0.010298013687133789
0.02034592628479004,0.04307913780212402,0.010356903076171875
0.01886916160583496,0.045232534408569336,0.009816169738769531
0.0213925838470459,0.04672098159790039,0.012743711471557617
0.02010488510131836,0.04595804214477539,0.012145280838012695
0.022096633911132812,0.046373844146728516,0.010406732559204102
0.019301176071166992,0.04388999938964844,0.06076240539550781
0.04905366897583008,0.0429539680480957,0.016119956970214844
0.018411874771118164,0.0425572395324707,0.012537956237792969
0.019423246383666992,0.04622387886047363,0.015440940856933594
0.02159571647644043,0.04416990280151367,0.014511585235595703
0.03116440773010254,0.05172991752624512,0.012847185134887695
0.03067469596862793,0.04707956314086914,0.011962413787841797
0.01993584632873535,0.04734969139099121,0.011716127395629883
0.025527000427246094,0.04694080352783203,0.014045000076293945
0.018706560134887695,0.04385781288146973,0.020513534545898438
0.026667118072509766,0.04326438903808594,0.010526895523071289
0.018111228942871094,0.04340386390686035,0.011033296585083008
0.02156352996826172,0.07918548583984375,0.015627622604370117
0.019400358200073242,0.04567146301269531,0.010970830917358398
0.019616365432739258,0.04722452163696289,0.012451410293579102
0.026233196258544922,0.05025529861450195,0.031995534896850586
0.02098226547241211,0.04594564437866211,0.012694358825683594
0.0196988582611084,0.044219017028808594,0.012156009674072266
0.019165754318237305,0.04244184494018555,0.014531135559082031
0.01989436149597168,0.042143821716308594,0.010687828063964844
0.06261110305786133,0.04566812515258789,0.012009382247924805
0.021545886993408203,0.045049428939819336,0.011245965957641602
0.023563623428344727,0.045441389083862305,0.011394739151000977
0.04140806198120117,0.04559683799743652,0.011270999908447266
0.01970648765563965,0.0453035831451416,0.05201148986816406
0.042131662368774414,0.04442334175109863,0.022679805755615234
0.050141334533691406,0.045148611068725586,0.015529870986938477
0.023363828659057617,0.04150104522705078,0.019284725189208984
0.0603175163269043,0.04360222816467285,0.02919602394104004
0.0181577205657959,0.04853105545043945,0.012320280075073242
0.04499697685241699,0.04903101921081543,0.011636018753051758
0.016786813735961914,0.045017242431640625,0.011092185974121094
0.018080472946166992,0.04453587532043457,0.01265859603881836
0.02362513542175293,0.045484066009521484,0.05479145050048828
0.017275094985961914,0.041518449783325195,0.010869503021240234
0.01882767677307129,0.044576168060302734,0.012169361114501953
0.019489765167236328,0.05260729789733887,0.012386083602905273
0.036452293395996094,0.04438042640686035,0.011075735092163086
0.020171642303466797,0.04892563819885254,0.022038698196411133
0.019215106964111328,0.044014930725097656,0.020882844924926758
0.019138097763061523,0.042063236236572266,0.013238668441772461
0.026538372039794922,0.042263031005859375,0.015630006790161133
0.04652571678161621,0.04152560234069824,0.011404991149902344
0.02072739601135254,0.04275202751159668,0.011621236801147461
0.019913673400878906,0.05225419998168945,0.013534069061279297
0.02502584457397461,0.05353665351867676,0.011993885040283203
0.01797652244567871,0.04574465751647949,0.01290273666381836
0.0181734561920166,0.049268484115600586,0.012013673782348633
0.0200498104095459,0.04593706130981445,0.011687755584716797
0.029854774475097656,0.04381895065307617,0.012165307998657227
0.025850772857666016,0.04394412040710449,0.012876272201538086
0.020582914352416992,0.041399240493774414,0.011611700057983398
0.01992511749267578,0.044429779052734375,0.014662504196166992
0.021112442016601562,0.04658031463623047,0.011646270751953125
0.026628971099853516,0.050890207290649414,0.012177228927612305
0.019745588302612305,0.04607748985290527,0.013251781463623047
0.018683433532714844,0.046268463134765625,0.013269186019897461
0.020154237747192383,0.04442453384399414,0.01183462142944336
0.020694971084594727,0.04302692413330078,0.02382826805114746
0.01968097686767578,0.044973134994506836,0.01245880126953125
0.019205808639526367,0.04488778114318848,0.01299142837524414
0.020133256912231445,0.04702258110046387,0.029465198516845703
0.047400712966918945,0.04514122009277344,0.012885093688964844
0.02154707908630371,0.047078609466552734,0.011640787124633789
0.02795720100402832,0.04761910438537598,0.014558553695678711
0.05367231369018555,0.08289480209350586,0.016188859939575195
0.021048307418823242,0.04784512519836426,0.011604785919189453
0.06798958778381348,0.048690080642700195,0.011510610580444336
0.01864767074584961,0.062299251556396484,0.011825799942016602
0.018591642379760742,0.04767894744873047,0.01184988021850586
0.02210235595703125,0.050142765045166016,0.010730504989624023
0.020370960235595703,0.04947471618652344,0.01153421401977539
0.017613887786865234,0.0453801155090332,0.013735771179199219
0.018746614456176758,0.04558587074279785,0.011434793472290039
0.01955437660217285,0.04189491271972656,0.011368036270141602
0.018835783004760742,0.04178190231323242,0.010906219482421875
0.04103422164916992,0.0487213134765625,0.011584758758544922
0.018166780471801758,0.08391261100769043,0.012330293655395508
0.040717363357543945,0.04684138298034668,0.014160633087158203
0.01815629005432129,0.04461860656738281,0.01128697395324707
0.018133163452148438,0.043595314025878906,0.05496931076049805
0.024653196334838867,0.04422807693481445,0.012696027755737305
0.02613210678100586,0.04960799217224121,0.010526895523071289
0.021528244018554688,0.04408884048461914,0.011848926544189453
0.019019126892089844,0.048007965087890625,0.010422945022583008
0.018663644790649414,0.0476071834564209,0.01039743423461914
0.018055438995361328,0.045529842376708984,0.011307477951049805
0.020625591278076172,0.04501056671142578,0.013305902481079102
0.022706985473632812,0.0431675910949707,0.010243654251098633
0.017702102661132812,0.044202566146850586,0.00996851921081543
0.01809215545654297,0.04288315773010254,0.010672569274902344
0.0397341251373291,0.09109735488891602,0.010648250579833984
0.017850637435913086,0.051458120346069336,0.011811017990112305
0.019350290298461914,0.04521989822387695,0.02920365333557129
0.020683765411376953,0.05657815933227539,0.010391950607299805
0.01907658576965332,0.10911750793457031,0.011617183685302734
0.01916646957397461,0.04441571235656738,0.010443925857543945
0.01744365692138672,0.04501700401306152,0.009954690933227539
0.020837068557739258,0.04434919357299805,0.0184018611907959
0.04800748825073242,0.04378390312194824,0.017547130584716797
0.018673419952392578,0.04519391059875488,0.01054239273071289
0.018088340759277344,0.04621696472167969,0.010581016540527344
0.02155160903930664,0.04806065559387207,0.01222848892211914
0.043862342834472656,0.046170949935913086,0.009952783584594727
0.03304481506347656,0.04297208786010742,0.010222673416137695
0.020712614059448242,0.04349064826965332,0.009949445724487305
0.018599987030029297,0.04190516471862793,0.010533809661865234
0.04696226119995117,0.045679330825805664,0.012002229690551758
0.018098115921020508,0.04451608657836914,0.009694099426269531
0.02222299575805664,0.04654407501220703,0.040952444076538086
0.020948171615600586,0.04867839813232422,0.01090860366821289
0.019649505615234375,0.04690909385681152,0.009949684143066406
0.021458864212036133,0.04345273971557617,0.009722709655761719
0.0170135498046875,0.0430455207824707,0.010547876358032227
0.024661540985107422,0.041587114334106445,0.010381698608398438
0.0211641788482666,0.041998863220214844,0.010283708572387695
0.018072128295898438,0.04513192176818848,0.010520458221435547
0.0184781551361084,0.04902148246765137,0.010039091110229492
0.018726348876953125,0.0939486026763916,0.08160734176635742
0.01990675926208496,0.045949459075927734,0.010695934295654297
