@timestamp,integration_latency
2025-12-04 20:43:50.308,1913
2025-12-04 20:43:49.223,2715
2025-12-04 20:35:48.246,2815
2025-12-04 20:35:48.113,2285
2025-12-04 20:34:21.626,3449
2025-12-04 20:34:21.355,3324
2025-12-04 20:32:44.123,2436
2025-12-04 20:32:42.891,3350
2025-12-04 20:29:50.949,7227
2025-12-04 20:29:49.435,7103
2025-12-04 20:26:39.685,7461
2025-12-04 20:26:38.809,6717
2025-12-04 20:25:38.376,2054
2025-12-04 20:25:37.697,2391
2025-12-04 20:25:30.944,1337
2025-12-04 20:25:21.870,14046
2025-12-04 20:25:21.842,1245
2025-12-04 20:25:20.352,16991
2025-12-04 20:25:16.666,11869
2025-12-04 20:25:16.527,4594
2025-12-04 20:23:28.805,1603
2025-12-04 20:22:05.072,2053
2025-12-04 20:22:04.778,2044
2025-12-04 20:21:18.342,3856
2025-12-04 20:21:12.392,4938
2025-12-04 20:19:58.566,1611
2025-12-04 20:19:50.396,1347
2025-12-04 20:19:46.253,1277
2025-12-04 20:18:32.429,1677
2025-12-04 20:18:29.074,2570
2025-12-04 20:17:21.601,4284
2025-12-04 20:17:16.855,3365
2025-12-04 20:16:23.660,2659
2025-12-04 20:16:22.653,3176
2025-12-04 20:09:43.762,1114
2025-12-04 20:09:41.272,1193
2025-12-04 20:09:03.816,7825
2025-12-04 20:09:03.041,5731
2025-12-04 20:08:41.270,1933
2025-12-04 20:08:40.009,1840
2025-12-04 20:08:34.469,2568
2025-12-04 20:08:34.199,2935
2025-12-04 20:07:21.552,2110
2025-12-04 20:07:21.515,2400
2025-12-04 20:06:11.540,2176
2025-12-04 20:06:11.382,1742
2025-12-04 20:05:59.188,2669
2025-12-04 20:05:59.110,2513
2025-12-04 20:05:00.227,10315
2025-12-04 20:04:58.865,11782
2025-12-04 20:04:10.749,5085
2025-12-04 20:04:08.330,5282
2025-12-04 20:03:53.511,3756
2025-12-04 20:03:52.252,1907
2025-12-04 20:03:13.127,8304
2025-12-04 20:03:11.811,7038
2025-12-04 20:03:11.676,1980
2025-12-04 20:03:10.445,4557
2025-12-04 20:02:41.036,1468
2025-12-04 20:02:09.845,2411
2025-12-04 20:02:08.102,2732
2025-12-04 20:01:40.599,1556
2025-12-04 20:01:18.540,2803
2025-12-04 20:01:18.337,2417
2025-12-04 20:01:00.445,2081
2025-12-04 20:00:59.442,2122
2025-12-04 20:00:25.897,2591
2025-12-04 20:00:24.297,3866
2025-12-04 19:59:13.297,2398
2025-12-04 19:59:13.106,2336
2025-12-04 19:58:35.594,1833
2025-12-04 19:58:32.987,2069
2025-12-04 19:56:21.411,4696
2025-12-04 19:56:20.551,4862
2025-12-04 19:56:01.719,1929
2025-12-04 19:56:00.338,1917
2025-12-04 19:54:26.817,3978
2025-12-04 19:54:26.008,3977
2025-12-04 19:52:55.220,2107
2025-12-04 19:52:53.586,1958
2025-12-04 19:51:52.077,5469
2025-12-04 19:51:50.375,4875
2025-12-04 19:49:03.776,1569
2025-12-04 19:49:02.379,1584
2025-12-04 19:48:41.767,15683
2025-12-04 19:48:13.942,1913
2025-12-04 19:46:14.571,7897
2025-12-04 19:46:12.523,7458
2025-12-04 19:43:23.009,8406
2025-12-04 19:42:55.884,1638
2025-12-04 19:41:56.144,4109
2025-12-04 19:41:54.702,6290
2025-12-04 19:41:49.007,4408
2025-12-04 19:41:46.346,4166
2025-12-04 19:40:13.855,1254
2025-12-04 19:40:00.740,2438
2025-12-04 19:40:00.302,1807
2025-12-04 19:39:56.185,3961
2025-12-04 19:39:53.417,5701
2025-12-04 19:39:02.025,1796
2025-12-04 19:39:01.598,3392
2025-12-04 19:37:14.946,2348
2025-12-04 19:37:14.467,2278
2025-12-04 19:37:04.876,2986
2025-12-04 19:37:04.096,3254
2025-12-04 19:34:49.502,9442
2025-12-04 19:34:49.104,5997
2025-12-04 19:30:46.117,2014
2025-12-04 19:28:50.559,3927
2025-12-04 19:28:45.855,4022
2025-12-04 19:28:17.025,1459
2025-12-04 19:27:44.195,6034
2025-12-04 19:27:43.436,4604
2025-12-04 19:26:37.794,2137
2025-12-04 19:26:37.726,2410
2025-12-04 19:26:20.880,6182
2025-12-04 19:26:19.996,6043
2025-12-04 19:25:51.930,2221
2025-12-04 19:25:50.193,2455
2025-12-04 19:24:21.994,3512
2025-12-04 19:24:20.729,4067
2025-12-04 19:23:52.769,8302
2025-12-04 19:23:52.440,6536
2025-12-04 19:22:56.159,4120
2025-12-04 19:22:55.181,4498
2025-12-04 19:20:15.262,5921
2025-12-04 19:20:10.601,4144
2025-12-04 19:19:04.858,4771
2025-12-04 19:19:04.553,3786
2025-12-04 19:18:40.054,2050
2025-12-04 19:18:39.630,2071
2025-12-04 19:18:29.455,8966
2025-12-04 19:18:29.103,9025
2025-12-04 19:18:23.962,465
2025-12-04 19:17:10.777,2315
2025-12-04 19:17:10.456,1889
2025-12-04 19:16:40.400,1525
2025-12-04 19:16:05.025,2318
2025-12-04 19:16:04.706,1821
2025-12-04 19:15:39.522,5807
2025-12-04 19:15:35.111,5408
2025-12-04 19:14:38.210,5839
2025-12-04 19:14:36.909,4429
2025-12-04 19:13:50.375,8536
2025-12-04 19:13:48.409,9499
2025-12-04 19:13:37.631,3525
2025-12-04 19:13:35.931,3233
2025-12-04 19:13:27.240,2419
2025-12-04 19:13:27.088,2242
2025-12-04 19:12:55.427,1906
2025-12-04 19:12:52.387,2266
2025-12-04 19:10:57.411,1311
2025-12-04 19:10:14.512,1829
2025-12-04 19:10:13.062,2070
2025-12-04 19:09:58.324,1557
2025-12-04 19:08:35.034,1928
2025-12-04 19:08:34.855,2377
2025-12-04 19:07:43.382,1877
2025-12-04 19:07:42.743,2304
2025-12-04 19:07:14.643,1638
2025-12-04 19:05:02.818,5124
2025-12-04 19:05:01.013,6495
2025-12-04 19:03:49.403,2141
2025-12-04 19:03:48.879,2315
2025-12-04 19:03:28.523,2327
2025-12-04 19:01:15.855,2006
2025-12-04 19:01:15.416,2116
2025-12-04 19:01:05.191,1233
2025-12-04 19:01:03.243,3095
2025-12-04 19:00:51.800,2053
2025-12-04 19:00:50.777,2547
2025-12-04 18:58:59.489,1851
2025-12-04 18:58:58.742,1529
2025-12-04 18:57:48.486,1999
2025-12-04 18:53:59.323,2761
2025-12-04 18:53:58.980,3083
2025-12-04 18:52:40.122,1157
2025-12-04 18:52:38.065,1768
2025-12-04 18:50:20.978,5441
2025-12-04 18:50:18.545,4927
2025-12-04 18:50:17.975,5326
2025-12-04 18:50:16.821,3252
2025-12-04 18:49:24.860,4961
2025-12-04 18:49:22.664,6665
2025-12-04 18:48:51.992,7644
2025-12-04 18:48:51.782,6101
2025-12-04 18:47:47.160,5951
2025-12-04 18:47:45.828,5627
2025-12-04 18:45:54.473,4997
2025-12-04 18:45:53.766,6250
2025-12-04 18:44:55.156,2356
2025-12-04 18:44:54.191,2708
2025-12-04 18:43:00.803,5445
2025-12-04 18:43:00.008,7392
2025-12-04 18:41:53.612,2732
2025-12-04 18:41:53.561,2781
2025-12-04 18:41:13.474,5183
2025-12-04 18:41:11.400,5943
2025-12-04 18:41:10.663,2424
2025-12-04 18:41:10.093,2257
2025-12-04 18:38:18.093,2152
2025-12-04 18:38:17.109,1931
2025-12-04 18:37:57.702,2842
2025-12-04 18:37:56.487,2612
2025-12-04 18:37:46.867,896
2025-12-04 18:37:44.874,1022
2025-12-04 18:37:28.316,2554
2025-12-04 18:37:28.165,2503
2025-12-04 18:37:02.943,3097
2025-12-04 18:37:01.311,3164
2025-12-04 18:36:21.363,1758
2025-12-04 18:36:20.291,8656
2025-12-04 18:36:19.459,2618
2025-12-04 18:36:19.246,2229
2025-12-04 18:34:45.276,6957
2025-12-04 18:34:42.256,7168
2025-12-04 18:33:52.136,1568
2025-12-04 18:31:51.171,3758
2025-12-04 18:31:50.208,3690
2025-12-04 18:31:18.000,5162
2025-12-04 18:31:12.790,5166
2025-12-04 18:30:39.060,2586
2025-12-04 18:30:37.314,3060
2025-12-04 18:30:31.018,6476
2025-12-04 18:28:38.953,2295
2025-12-04 18:28:38.484,2123
2025-12-04 18:27:10.464,5294
2025-12-04 18:27:08.990,2408
2025-12-04 18:27:08.647,2229
2025-12-04 18:24:54.333,4267
2025-12-04 18:24:52.937,4317
2025-12-04 18:24:36.139,2025
2025-12-04 18:24:35.691,1947
2025-12-04 18:24:21.917,2066
2025-12-04 18:22:21.460,2064
2025-12-04 18:22:20.827,2416
2025-12-04 18:19:26.322,3287
2025-12-04 18:19:24.959,3804
2025-12-04 18:17:56.712,6559
2025-12-04 18:17:55.716,6378
2025-12-04 18:17:45.120,1869
2025-12-04 18:15:17.244,3791
2025-12-04 18:15:16.704,3697
2025-12-04 18:14:53.994,1657
2025-12-04 18:14:53.497,1756
2025-12-04 18:14:42.867,1348
2025-12-04 18:14:27.660,1601
2025-12-04 18:12:51.181,2442
2025-12-04 18:12:50.275,2386
2025-12-04 18:12:32.686,2171
2025-12-04 18:12:32.540,2706
2025-12-04 18:11:07.921,3064
2025-12-04 18:11:07.277,3369
2025-12-04 18:10:26.053,5261
2025-12-04 18:10:22.565,6002
2025-12-04 18:08:26.543,4680
2025-12-04 18:08:26.453,4508
2025-12-04 18:07:05.750,1934
2025-12-04 18:07:05.178,2046
2025-12-04 18:06:45.492,1416
2025-12-04 18:06:45.308,1258
2025-12-04 18:06:41.458,2165
2025-12-04 18:06:41.391,2470
2025-12-04 18:05:31.181,9009
2025-12-04 18:05:29.944,8718
2025-12-04 18:03:58.158,4543
2025-12-04 18:03:52.153,5034
2025-12-04 18:02:41.207,3202
2025-12-04 18:02:39.839,2990
2025-12-04 18:02:08.873,1421
2025-12-04 18:02:08.666,904
2025-12-04 18:02:07.232,898
2025-12-04 18:01:28.541,11501
2025-12-04 18:01:27.235,8943
2025-12-04 18:00:51.084,2229
2025-12-04 18:00:50.492,2074
2025-12-04 17:59:57.014,2305
2025-12-04 17:59:56.595,2024
2025-12-04 17:59:33.299,1748
2025-12-04 17:59:31.701,5761
2025-12-04 17:59:28.826,3602
2025-12-04 17:59:28.222,4436
2025-12-04 17:55:46.051,1715
2025-12-04 17:55:45.113,1890
2025-12-04 17:55:25.399,10227
2025-12-04 17:55:24.280,4549
2025-12-04 17:55:20.845,6429
2025-12-04 17:55:20.367,6467
2025-12-04 17:55:12.409,2027
2025-12-04 17:55:11.954,1866
2025-12-04 17:54:30.446,2274
2025-12-04 17:54:30.164,2108
2025-12-04 17:54:05.775,5750
2025-12-04 17:54:05.546,8767
2025-12-04 17:53:34.116,3773
2025-12-04 17:53:33.681,4324
2025-12-04 17:52:01.916,1962
2025-12-04 17:52:01.487,2538
2025-12-04 17:51:02.221,5321
2025-12-04 17:51:01.048,8894
2025-12-04 17:51:00.808,4269
2025-12-04 17:51:00.802,4294
2025-12-04 17:49:49.038,1701
2025-12-04 17:49:48.924,2011
2025-12-04 17:49:14.205,6914
2025-12-04 17:49:13.806,6327
2025-12-04 17:48:33.104,4357
2025-12-04 17:48:29.623,4734
2025-12-04 17:47:42.312,3544
2025-12-04 17:47:40.682,2890
2025-12-04 17:45:58.915,2172
2025-12-04 17:45:57.621,2159
2025-12-04 17:45:52.312,1600
2025-12-04 17:45:51.010,2020
2025-12-04 17:45:47.759,1622
2025-12-04 17:45:45.312,1933
2025-12-04 17:45:35.681,2575
2025-12-04 17:45:33.885,2161
2025-12-04 17:44:37.146,2104
2025-12-04 17:44:36.523,1958
2025-12-04 17:43:10.812,5989
2025-12-04 17:43:10.486,1810
2025-12-04 17:42:08.156,1251
2025-12-04 17:41:08.909,4596
2025-12-04 17:41:06.033,4265
2025-12-04 17:40:13.902,722
2025-12-04 17:39:42.417,1726
2025-12-04 17:39:41.450,2268
2025-12-04 17:38:49.297,1020
2025-12-04 17:38:48.019,1409
2025-12-04 17:38:07.295,1368
2025-12-04 17:37:59.248,2376
2025-12-04 17:37:57.538,2571
2025-12-04 17:37:45.994,7795
2025-12-04 17:37:43.998,6317
2025-12-04 17:37:43.156,1008
2025-12-04 17:37:40.474,1409
2025-12-04 17:35:22.145,1764
2025-12-04 17:35:21.664,1596
2025-12-04 17:34:52.723,2530
2025-12-04 17:34:52.511,1695
2025-12-04 17:34:22.327,1283
2025-12-04 17:34:01.763,2218
2025-12-04 17:33:58.328,2497
2025-12-04 17:32:36.502,1537
2025-12-04 17:32:07.182,3874
2025-12-04 17:32:03.991,11726
2025-12-04 17:32:02.401,2364
2025-12-04 17:32:02.281,2524
2025-12-04 17:31:34.386,2348
2025-12-04 17:31:34.153,2882
2025-12-04 17:29:02.539,4232
2025-12-04 17:29:01.353,4616
2025-12-04 17:26:32.974,1711
2025-12-04 17:26:31.865,1897
2025-12-04 17:25:48.674,1398
2025-12-04 17:25:19.326,7722
2025-12-04 17:25:16.543,7857
2025-12-04 17:25:08.567,1034
2025-12-04 17:25:03.311,1517
2025-12-04 17:23:15.996,2146
2025-12-04 17:23:14.883,1890
2025-12-04 17:22:51.598,2330
2025-12-04 17:22:49.813,2040
2025-12-04 17:17:14.969,2979
2025-12-04 17:17:14.547,2990
2025-12-04 17:15:50.600,1749
2025-12-04 17:15:50.262,1658
2025-12-04 17:15:45.450,4057
2025-12-04 17:15:44.552,3675
2025-12-04 17:14:25.543,1853
2025-12-04 17:14:25.357,2244
2025-12-04 17:14:18.445,6680
2025-12-04 17:14:17.091,6854
2025-12-04 17:13:09.281,1891
2025-12-04 17:13:08.719,1616
2025-12-04 17:12:57.962,8396
2025-12-04 17:12:55.089,1860
2025-12-04 17:12:53.773,2126
2025-12-04 17:12:20.345,367
2025-12-04 17:12:10.667,1243
2025-12-04 17:11:57.851,2488
2025-12-04 17:11:57.851,2279
2025-12-04 17:11:11.878,6574
2025-12-04 17:11:11.816,7743
2025-12-04 17:10:19.961,1400
2025-12-04 17:09:10.660,2260
2025-12-04 17:09:09.900,2167
2025-12-04 17:08:42.734,2287
2025-12-04 17:08:42.419,1816
2025-12-04 17:08:30.249,4559
2025-12-04 17:08:30.020,3838
2025-12-04 17:08:09.439,2292
2025-12-04 17:08:09.287,2961
2025-12-04 17:07:53.496,4244
2025-12-04 17:07:53.288,4281
2025-12-04 17:04:48.739,3158
2025-12-04 17:04:47.876,3314
2025-12-04 17:04:42.418,3600
2025-12-04 17:04:40.185,3509
2025-12-04 17:04:27.291,3096
2025-12-04 17:04:24.761,3581
2025-12-04 17:03:32.709,1204
2025-12-04 17:02:59.070,7842
2025-12-04 17:02:56.170,10134
2025-12-04 17:02:45.631,5842
2025-12-04 17:02:42.185,12476
2025-12-04 17:02:41.532,8951
2025-12-04 17:02:39.311,8904
2025-12-04 17:02:35.412,2434
2025-12-04 17:02:34.794,2175
2025-12-04 17:02:10.958,1019
2025-12-04 17:02:07.096,823
2025-12-04 17:02:03.869,2151
2025-12-04 17:02:03.604,2675
2025-12-04 17:01:27.948,2099
2025-12-04 17:01:27.356,1890
2025-12-04 16:59:51.653,2185
2025-12-04 16:59:50.448,2116
2025-12-04 16:57:52.933,2255
2025-12-04 16:57:51.916,3582
2025-12-04 16:55:18.384,2941
2025-12-04 16:55:18.333,2807
2025-12-04 16:51:48.640,1892
2025-12-04 16:51:47.372,2167
2025-12-04 16:51:03.509,2544
2025-12-04 16:51:02.967,2264
2025-12-04 16:50:55.441,3871
2025-12-04 16:50:51.127,4025
2025-12-04 16:50:34.757,5375
2025-12-04 16:50:28.007,4646
2025-12-04 16:48:31.019,2247
2025-12-04 16:48:31.016,1925
2025-12-04 16:48:18.786,2826
2025-12-04 16:48:17.669,5732
2025-12-04 16:48:15.866,6051
2025-12-04 16:48:15.788,7092
2025-12-04 16:48:12.986,6775
2025-12-04 16:46:39.956,2215
2025-12-04 16:46:39.916,2199
2025-12-04 16:46:22.433,2260
2025-12-04 16:46:21.847,2455
2025-12-04 16:46:09.529,1952
2025-12-04 16:46:08.364,2258
2025-12-04 16:45:06.550,3220
2025-12-04 16:45:04.625,3907
2025-12-04 16:44:49.216,1266
2025-12-04 16:44:47.560,1655
2025-12-04 16:44:46.404,1751
2025-12-04 16:44:02.624,2649
2025-12-04 16:44:02.463,1895
2025-12-04 16:43:04.063,7152
2025-12-04 16:43:01.212,5665
2025-12-04 16:42:43.979,6020
2025-12-04 16:42:38.600,4935
2025-12-04 16:41:31.640,1980
2025-12-04 16:41:31.346,2285
2025-12-04 16:41:27.151,3044
2025-12-04 16:41:26.964,3945
2025-12-04 16:40:49.431,4131
2025-12-04 16:40:49.335,4567
2025-12-04 16:40:35.873,8286
2025-12-04 16:40:34.999,7828
2025-12-04 16:40:21.903,8093
2025-12-04 16:40:21.321,7050
2025-12-04 16:40:08.369,7663
2025-12-04 16:40:03.461,4154
2025-12-04 16:39:56.632,1403
2025-12-04 16:39:51.791,1436
2025-12-04 16:39:13.081,6282
2025-12-04 16:39:05.110,3215
2025-12-04 16:39:04.704,2985
2025-12-04 16:38:57.913,4161
2025-12-04 16:38:57.908,4395
2025-12-04 16:36:30.101,1552
2025-12-04 16:34:47.081,7549
2025-12-04 16:34:46.743,8347
2025-12-04 16:33:23.533,2049
2025-12-04 16:33:22.727,2061
2025-12-04 16:33:05.272,2561
2025-12-04 16:33:05.075,2779
2025-12-04 16:32:05.899,5734
2025-12-04 16:32:02.073,6666
2025-12-04 16:31:53.144,3034
2025-12-04 16:31:51.545,2559
2025-12-04 16:29:32.032,1298
2025-12-04 16:28:57.379,8979
2025-12-04 16:28:56.506,9636
2025-12-04 16:28:48.099,8415
2025-12-04 16:28:40.899,4739
2025-12-04 16:28:33.858,4739
2025-12-04 16:27:57.443,2033
2025-12-04 16:27:56.883,1890
2025-12-04 16:27:46.908,3659
2025-12-04 16:27:46.688,3706
2025-12-04 16:27:18.651,8178
2025-12-04 16:27:16.108,7730
2025-12-04 16:26:30.797,3158
2025-12-04 16:26:30.198,3265
2025-12-04 16:26:05.212,2190
2025-12-04 16:26:04.555,2190
2025-12-04 16:25:57.955,1672
2025-12-04 16:25:54.780,9038
2025-12-04 16:25:54.231,4359
2025-12-04 16:25:28.621,1948
2025-12-04 16:25:27.827,2126
2025-12-04 16:24:13.406,3481
2025-12-04 16:24:13.191,3087
2025-12-04 16:23:40.747,1683
2025-12-04 16:23:39.887,2081
2025-12-04 16:23:23.092,2575
2025-12-04 16:23:23.084,2942
2025-12-04 16:21:39.677,6070
2025-12-04 16:21:36.896,6114
2025-12-04 16:21:20.318,7459
2025-12-04 16:21:19.042,8550
2025-12-04 16:20:08.412,3455
2025-12-04 16:20:08.001,3107
2025-12-04 16:19:34.735,3931
2025-12-04 16:19:34.515,3493
2025-12-04 16:18:49.989,2539
2025-12-04 16:18:49.689,3075
2025-12-04 16:17:04.804,1756
2025-12-04 16:17:04.101,1874
2025-12-04 16:15:47.671,6078
2025-12-04 16:15:45.645,6172
2025-12-04 16:15:29.373,4220
2025-12-04 16:15:28.380,4599
2025-12-04 16:13:46.609,3845
2025-12-04 16:13:46.188,2044
2025-12-04 16:13:43.032,420
2025-12-04 16:13:26.041,18531
2025-12-04 16:13:24.541,5807
2025-12-04 16:13:22.917,8891
2025-12-04 16:13:22.128,11829
2025-12-04 16:12:34.724,4672
2025-12-04 16:12:30.336,3986
2025-12-04 16:11:49.117,2890
2025-12-04 16:11:48.868,6526
2025-12-04 16:11:47.870,10681
2025-12-04 16:09:38.153,3697
2025-12-04 16:09:37.592,1631
2025-12-04 16:09:32.118,6710
2025-12-04 16:09:30.819,6192
2025-12-04 16:09:22.551,2285
2025-12-04 16:09:21.200,2318
2025-12-04 16:09:10.092,8503
2025-12-04 16:07:38.363,4057
2025-12-04 16:07:33.182,5359
2025-12-04 16:05:21.887,1353
2025-12-04 16:04:08.667,1732
2025-12-04 16:04:06.965,1917
2025-12-04 16:03:59.149,12755
2025-12-04 16:02:58.667,10876
2025-12-04 16:02:57.887,5510
2025-12-04 16:02:57.831,5113
2025-12-04 16:02:57.826,6769
2025-12-04 16:02:28.950,6555
2025-12-04 16:02:22.968,4506
2025-12-04 16:01:51.283,2433
2025-12-04 16:01:50.870,2448
2025-12-04 16:00:28.184,2590
2025-12-04 16:00:26.594,2709
2025-12-04 16:00:26.312,4637
2025-12-04 15:59:27.167,2042
2025-12-04 15:59:26.412,1812
2025-12-04 15:59:21.521,1800
2025-12-04 15:58:08.884,4063
2025-12-04 15:58:05.670,6101
2025-12-04 15:57:59.671,1862
2025-12-04 15:57:58.947,1931
2025-12-04 15:57:47.800,4209
2025-12-04 15:57:47.203,4084
2025-12-04 15:57:23.684,4123
2025-12-04 15:57:17.660,4649
2025-12-04 15:57:11.974,2951
2025-12-04 15:57:11.916,2993
2025-12-04 15:55:47.516,2501
2025-12-04 15:55:47.097,2826
2025-12-04 15:55:14.109,2249
2025-12-04 15:55:13.781,2655
2025-12-04 15:53:10.224,5912
2025-12-04 15:53:05.897,5617
2025-12-04 15:53:02.422,1377
2025-12-04 15:52:37.854,1809
2025-12-04 15:52:37.512,1732
2025-12-04 15:52:26.379,2171
2025-12-04 15:52:25.582,2911
2025-12-04 15:52:20.479,2387
2025-12-04 15:52:19.001,2572
2025-12-04 15:50:44.259,2561
2025-12-04 15:50:44.246,2183
2025-12-04 15:50:18.946,3474
2025-12-04 15:50:17.939,3781
2025-12-04 15:50:15.216,6332
2025-12-04 15:50:12.849,6073
2025-12-04 15:49:29.761,1872
2025-12-04 15:49:28.229,2574
2025-12-04 15:49:14.813,954
2025-12-04 15:49:13.154,1093
2025-12-04 15:47:55.181,1524
2025-12-04 15:47:00.529,2223
2025-12-04 15:46:59.886,2513
2025-12-04 15:46:13.843,8715
2025-12-04 15:46:12.834,2859
2025-12-04 15:46:12.220,2753
2025-12-04 15:46:07.509,6963
2025-12-04 15:44:58.405,1206
2025-12-04 15:43:12.859,945
2025-12-04 15:42:25.232,9985
2025-12-04 15:42:24.714,3182
2025-12-04 15:42:24.316,4539
2025-12-04 15:42:17.685,1875
2025-12-04 15:42:15.692,2175
2025-12-04 15:41:07.133,4078
2025-12-04 15:41:05.749,7451
2025-12-04 15:41:05.572,2148
2025-12-04 15:41:04.440,2740
2025-12-04 15:39:40.448,2129
2025-12-04 15:39:37.678,2566
2025-12-04 15:37:52.674,2657
2025-12-04 15:37:50.762,3163
2025-12-04 15:37:46.889,2275
2025-12-04 15:37:46.862,1965
2025-12-04 15:37:22.431,2506
2025-12-04 15:37:22.372,2376
2025-12-04 15:35:48.418,1375
2025-12-04 15:35:45.638,2155
2025-12-04 15:35:44.210,2450
2025-12-04 15:35:25.334,2632
2025-12-04 15:35:24.952,2907
2025-12-04 15:34:53.536,3954
2025-12-04 15:34:52.602,3429
2025-12-04 15:33:23.704,2180
2025-12-04 15:33:21.066,2162
2025-12-04 15:32:33.324,1852
2025-12-04 15:32:30.034,2192
2025-12-04 15:32:11.750,2301
2025-12-04 15:32:11.378,2431
2025-12-04 15:30:24.686,2650
2025-12-04 15:30:22.519,2226
2025-12-04 15:29:55.120,7795
2025-12-04 15:29:54.266,5928
2025-12-04 15:28:55.715,1827
2025-12-04 15:28:55.511,1766
2025-12-04 15:28:33.658,7257
2025-12-04 15:28:32.246,6133
2025-12-04 15:27:49.151,888
2025-12-04 15:27:26.318,4609
2025-12-04 15:27:21.780,5190
2025-12-04 15:26:52.385,2160
2025-12-04 15:26:51.910,1897
2025-12-04 15:26:33.062,4103
2025-12-04 15:26:32.629,5022
2025-12-04 15:24:23.632,8461
2025-12-04 15:24:23.434,8635
2025-12-04 15:23:18.512,1703
2025-12-04 15:23:17.223,2134
2025-12-04 15:21:03.170,2083
2025-12-04 15:21:02.520,2722
2025-12-04 15:20:39.321,4037
2025-12-04 15:20:38.260,4047
2025-12-04 15:20:20.489,2020
2025-12-04 15:20:19.210,2904
2025-12-04 15:20:12.854,5528
2025-12-04 15:20:11.610,2544
2025-12-04 15:20:07.801,9118
2025-12-04 15:20:07.033,9401
2025-12-04 15:19:17.400,1719
2025-12-04 15:19:17.336,1724
2025-12-04 15:19:09.843,2679
2025-12-04 15:19:09.731,3223
2025-12-04 15:17:49.727,5419
2025-12-04 15:17:48.916,6108
2025-12-04 15:17:45.690,6954
2025-12-04 15:17:43.570,4348
2025-12-04 15:17:32.527,1589
2025-12-04 15:17:30.889,2929
2025-12-04 15:17:30.378,1864
2025-12-04 15:16:07.062,5797
2025-12-04 15:16:03.395,6925
2025-12-04 15:15:27.375,2878
2025-12-04 15:15:25.889,3006
2025-12-04 15:15:10.270,4438
2025-12-04 15:15:09.212,4468
2025-12-04 15:15:03.399,1890
2025-12-04 15:15:02.710,2345
2025-12-04 15:14:19.934,5430
2025-12-04 15:14:15.497,5750
2025-12-04 15:14:09.046,952
2025-12-04 15:14:07.508,2135
2025-12-04 15:14:05.698,847
2025-12-04 15:14:05.166,1990
2025-12-04 15:13:54.680,1616
2025-12-04 15:13:52.870,1580
2025-12-04 15:13:21.678,6576
2025-12-04 15:13:20.621,4926
2025-12-04 15:11:55.826,2340
2025-12-04 15:11:54.953,2368
2025-12-04 15:10:13.201,1334
2025-12-04 15:10:11.060,1273
2025-12-04 15:09:59.225,4360
2025-12-04 15:09:55.033,4141
2025-12-04 15:09:04.581,1556
2025-12-04 15:09:01.701,4012
2025-12-04 15:08:59.853,6857
2025-12-04 15:08:24.496,1735
2025-12-04 15:07:29.855,3824
2025-12-04 15:07:29.224,3757
2025-12-04 15:06:50.330,2317
2025-12-04 15:06:47.629,2094
2025-12-04 15:06:44.201,4547
2025-12-04 15:06:44.065,2324
2025-12-04 15:06:41.403,3875
2025-12-04 15:06:40.928,1806
2025-12-04 15:06:17.830,1084
2025-12-04 15:06:15.502,1201
2025-12-04 15:05:59.813,1410
2025-12-04 15:05:47.178,2105
2025-12-04 15:05:45.704,2768
2025-12-04 15:05:04.097,2736
2025-12-04 15:05:02.063,2233
2025-12-04 15:03:04.437,1662
2025-12-04 15:02:30.146,1664
2025-12-04 15:02:26.745,1866
2025-12-04 15:02:24.118,4749
2025-12-04 15:02:22.734,2191
2025-12-04 15:02:21.837,5971
2025-12-04 15:02:20.327,1944
2025-12-04 15:01:58.944,8233
2025-12-04 15:01:56.518,9347
2025-12-04 15:01:26.803,1883
2025-12-04 15:01:26.142,1732
2025-12-04 15:01:03.701,2540
2025-12-04 15:01:03.212,3039
2025-12-04 15:00:45.176,1071
2025-12-04 15:00:33.192,1598
2025-12-04 14:59:46.505,2130
2025-12-04 14:59:45.656,2714
2025-12-04 14:59:40.375,1138
2025-12-04 14:59:38.429,1377
2025-12-04 14:58:32.037,2781
2025-12-04 14:58:31.750,1893
2025-12-04 14:58:20.430,1238
2025-12-04 14:58:19.436,1088
2025-12-04 14:57:51.456,2589
2025-12-04 14:57:51.209,2741
2025-12-04 14:56:52.593,2461
2025-12-04 14:56:50.897,2306
2025-12-04 14:55:04.968,1567
2025-12-04 14:55:04.320,793
2025-12-04 14:53:16.381,4531
2025-12-04 14:53:16.160,4455
2025-12-04 14:52:53.513,1777
2025-12-04 14:52:47.667,5445
2025-12-04 14:52:46.256,2243
2025-12-04 14:52:44.568,5103
2025-12-04 14:51:38.547,1669
2025-12-04 14:51:09.438,880
2025-12-04 14:51:07.512,843
2025-12-04 14:50:51.922,1228
2025-12-04 14:49:21.242,3227
2025-12-04 14:49:20.608,2421
2025-12-04 14:47:33.605,1123
2025-12-04 14:47:31.010,1711
2025-12-04 14:46:22.157,4829
2025-12-04 14:46:21.149,1340
2025-12-04 14:46:18.600,4710
2025-12-04 14:45:13.015,964
2025-12-04 14:43:57.736,3842
2025-12-04 14:43:53.271,4287
2025-12-04 14:43:35.281,1830
2025-12-04 14:43:33.155,2184
2025-12-04 14:43:22.420,3023
2025-12-04 14:43:21.005,2754
2025-12-04 14:42:41.608,1740
2025-12-04 14:42:40.864,2056
2025-12-04 14:42:01.808,1749
2025-12-04 14:42:00.562,2123
2025-12-04 14:41:30.408,5805
2025-12-04 14:41:28.979,5115
2025-12-04 14:41:27.322,6390
2025-12-04 14:41:25.876,6060
2025-12-04 14:38:34.489,1983
2025-12-04 14:38:32.674,2086
2025-12-04 14:38:12.830,1466
2025-12-04 14:38:03.181,1982
2025-12-04 14:38:03.176,2306
2025-12-04 14:37:49.406,9266
2025-12-04 14:37:48.914,2193
2025-12-04 14:37:42.963,8491
2025-12-04 14:37:40.572,8276
2025-12-04 14:37:12.053,2910
2025-12-04 14:37:11.905,2760
2025-12-04 14:36:53.339,2853
2025-12-04 14:36:52.948,2301
2025-12-04 14:35:54.318,2094
2025-12-04 14:35:54.014,2397
2025-12-04 14:35:50.067,2363
2025-12-04 14:35:49.276,1860
2025-12-04 14:35:44.018,4508
2025-12-04 14:35:43.506,4324
2025-12-04 14:35:33.399,2070
2025-12-04 14:35:32.237,2312
2025-12-04 14:35:03.788,3129
2025-12-04 14:35:03.590,3354
2025-12-04 14:34:54.378,1867
2025-12-04 14:34:53.139,2308
2025-12-04 14:34:39.511,2752
2025-12-04 14:34:39.030,2898
2025-12-04 14:34:00.737,1177
2025-12-04 14:33:55.678,1849
2025-12-04 14:33:55.382,1781
2025-12-04 14:32:08.009,2834
2025-12-04 14:32:08.003,2060
2025-12-04 14:31:25.954,1888
2025-12-04 14:31:25.586,1634
2025-12-04 14:31:15.818,1857
2025-12-04 14:31:13.472,3457
2025-12-04 14:31:04.088,4954
2025-12-04 14:31:03.567,4369
2025-12-04 14:30:46.476,5478
2025-12-04 14:30:45.323,7239
2025-12-04 14:28:48.605,2463
2025-12-04 14:28:48.418,2127
2025-12-04 14:28:03.860,5738
2025-12-04 14:28:02.456,1439
2025-12-04 14:28:02.223,4636
2025-12-04 14:28:00.813,1245
2025-12-04 14:27:23.767,1730
2025-12-04 14:27:10.219,10108
2025-12-04 14:27:07.206,10297
2025-12-04 14:26:33.514,2024
2025-12-04 14:26:32.492,1943
2025-12-04 14:26:19.106,2441
2025-12-04 14:26:17.155,2520
2025-12-04 14:25:54.095,3421
2025-12-04 14:25:52.671,2579
2025-12-04 14:25:51.687,6083
2025-12-04 14:25:51.324,5502
2025-12-04 14:25:39.364,2773
2025-12-04 14:25:37.874,2139
2025-12-04 14:25:15.111,2761
2025-12-04 14:25:13.402,2446
2025-12-04 14:24:20.759,6377
2025-12-04 14:24:16.073,8370
2025-12-04 14:24:06.975,2026
2025-12-04 14:24:06.266,2247
2025-12-04 14:23:47.117,2293
2025-12-04 14:23:46.388,2916
2025-12-04 14:23:04.097,2361
2025-12-04 14:23:03.520,2005
2025-12-04 14:21:29.465,1080
2025-12-04 14:21:27.282,1186
2025-12-04 14:20:29.994,1808
2025-12-04 14:20:27.998,1976
2025-12-04 14:20:14.758,6088
2025-12-04 14:20:10.862,8440
2025-12-04 14:19:51.333,1706
2025-12-04 14:19:29.937,4027
2025-12-04 14:19:29.653,4024
2025-12-04 14:19:17.999,2013
2025-12-04 14:19:15.142,2126
2025-12-04 14:19:06.238,2559
2025-12-04 14:19:05.999,2252
2025-12-04 14:18:16.851,2024
2025-12-04 14:18:16.218,2007
2025-12-04 14:17:52.558,866
2025-12-04 14:17:22.580,4031
2025-12-04 14:17:17.384,5076
2025-12-04 14:17:13.550,8860
2025-12-04 14:17:09.483,9458
2025-12-04 14:16:58.689,2233
2025-12-04 14:15:51.611,1405
2025-12-04 14:15:46.615,1352
2025-12-04 14:15:44.675,1630
2025-12-04 14:15:31.018,2217
2025-12-04 14:15:29.981,1931
2025-12-04 14:14:58.465,1338
2025-12-04 14:14:51.493,1496
2025-12-04 14:14:47.046,4989
2025-12-04 14:14:43.162,4950
2025-12-04 14:14:38.771,3616
2025-12-04 14:14:36.289,2971
2025-12-04 14:13:51.540,2728
2025-12-04 14:13:50.976,2056
2025-12-04 14:13:18.422,3370
2025-12-04 14:13:17.692,2471
2025-12-04 14:12:43.279,1213
2025-12-04 14:12:40.102,1310
2025-12-04 14:12:13.243,1036
2025-12-04 14:11:36.077,7348
2025-12-04 14:11:33.643,8229
2025-12-04 14:11:25.651,3025
2025-12-04 14:11:25.564,2807
2025-12-04 14:10:51.308,2273
2025-12-04 14:10:51.296,1790
2025-12-04 14:10:22.409,3162
2025-12-04 14:10:21.128,1889
2025-12-04 14:09:32.301,1465
2025-12-04 14:09:30.912,1655
2025-12-04 14:08:51.390,2098
2025-12-04 14:08:49.723,2051
2025-12-04 14:07:51.896,2238
2025-12-04 14:07:51.739,2533
2025-12-04 14:07:31.049,2177
2025-12-04 14:07:29.939,1916
2025-12-04 14:07:20.776,2009
2025-12-04 14:07:19.707,1824
2025-12-04 14:07:02.158,3702
2025-12-04 14:07:00.741,2073
2025-12-04 14:05:48.059,3700
2025-12-04 14:05:47.667,3298
2025-12-04 14:05:34.984,2816
2025-12-04 14:05:33.067,3523
2025-12-04 14:05:20.181,9484
2025-12-04 14:05:17.473,8295
2025-12-04 14:04:25.703,1564
2025-12-04 14:03:31.509,1668
2025-12-04 14:03:30.227,1826
2025-12-04 14:03:14.620,952
2025-12-04 14:03:09.869,2059
2025-12-04 14:03:06.209,1863
2025-12-04 14:02:43.035,1651
2025-12-04 14:02:12.108,1944
2025-12-04 14:02:12.043,792
2025-12-04 14:02:09.922,2239
2025-12-04 14:01:57.940,2029
2025-12-04 14:01:57.189,1766
2025-12-04 14:00:28.519,3387
2025-12-04 14:00:27.907,4351
2025-12-04 13:59:56.984,2155
2025-12-04 13:59:56.938,2620
2025-12-04 13:59:18.824,3157
2025-12-04 13:59:18.059,3345
2025-12-04 13:59:11.828,2061
2025-12-04 13:59:10.017,2412
2025-12-04 13:58:54.392,1347
2025-12-04 13:58:51.657,1272
2025-12-04 13:58:45.484,2056
2025-12-04 13:58:45.476,2186
2025-12-04 13:58:33.896,4737
2025-12-04 13:58:26.065,4617
2025-12-04 13:58:17.315,1863
2025-12-04 13:58:15.795,2217
2025-12-04 13:57:59.072,3073
2025-12-04 13:57:58.968,3152
2025-12-04 13:57:57.077,1184
2025-12-04 13:57:50.475,1348
2025-12-04 13:57:33.947,2502
2025-12-04 13:57:32.287,2656
2025-12-04 13:55:21.498,4972
2025-12-04 13:55:20.932,5247
2025-12-04 13:55:01.172,6897
2025-12-04 13:54:58.316,6047
2025-12-04 13:54:50.106,4956
2025-12-04 13:54:43.509,4710
2025-12-04 13:54:32.839,2498
2025-12-04 13:54:30.988,3833
2025-12-04 13:54:09.662,1864
2025-12-04 13:54:06.987,1910
2025-12-04 13:53:29.690,5558
2025-12-04 13:53:27.895,4945
2025-12-04 13:52:58.342,9142
2025-12-04 13:52:56.657,8426
2025-12-04 13:52:30.338,2002
2025-12-04 13:52:28.595,1882
2025-12-04 13:52:18.853,3610
2025-12-04 13:52:17.060,4905
2025-12-04 13:51:41.382,3273
2025-12-04 13:51:40.994,3299
2025-12-04 13:51:24.109,4392
2025-12-04 13:51:23.668,4206
2025-12-04 13:50:28.051,2585
2025-12-04 13:50:26.051,2277
2025-12-04 13:50:25.699,3211
2025-12-04 13:50:13.836,3359
2025-12-04 13:50:12.782,2925
2025-12-04 13:49:38.627,6166
2025-12-04 13:48:50.072,6474
2025-12-04 13:48:47.522,6512
2025-12-04 13:48:32.071,3208
2025-12-04 13:48:31.388,3573
2025-12-04 13:48:18.816,2344
2025-12-04 13:48:18.005,2334
2025-12-04 13:47:30.738,9334
2025-12-04 13:47:27.089,11026
2025-12-04 13:46:57.114,2891
2025-12-04 13:46:45.553,3935
2025-12-04 13:46:45.543,3581
2025-12-04 13:45:25.609,5637
2025-12-04 13:45:18.718,4604
2025-12-04 13:44:41.184,4639
2025-12-04 13:44:40.113,4773
2025-12-04 13:43:03.429,2968
2025-12-04 13:43:02.728,1774
2025-12-04 13:42:46.296,3956
2025-12-04 13:42:44.250,3382
2025-12-04 13:42:41.147,1180
2025-12-04 13:42:33.448,1557
2025-12-04 13:41:37.181,6707
2025-12-04 13:41:33.227,6861
2025-12-04 13:41:30.837,2660
2025-12-04 13:41:30.166,2050
2025-12-04 13:41:21.864,2671
2025-12-04 13:41:21.563,2598
2025-12-04 13:40:49.619,3100
2025-12-04 13:40:48.971,3157
2025-12-04 13:39:48.832,1270
2025-12-04 13:39:45.908,1536
2025-12-04 13:39:07.686,2977
2025-12-04 13:39:06.367,3486
2025-12-04 13:38:31.520,1219
2025-12-04 13:36:51.640,6659
2025-12-04 13:36:50.336,8228
2025-12-04 13:36:45.103,2160
2025-12-04 13:36:44.832,2555
2025-12-04 13:36:40.614,1725
2025-12-04 13:36:38.509,1864
2025-12-04 13:36:14.605,2315
2025-12-04 13:36:13.021,2630
2025-12-04 13:35:58.406,6912
2025-12-04 13:35:56.742,6014
2025-12-04 13:35:31.935,647
2025-12-04 13:35:31.799,1781
2025-12-04 13:35:30.778,1932
2025-12-04 13:35:18.958,1109
2025-12-04 13:35:09.486,3593
2025-12-04 13:35:08.997,2361
2025-12-04 13:34:57.231,1782
2025-12-04 13:34:55.776,2363
2025-12-04 13:34:54.977,2662
2025-12-04 13:34:53.900,2449
2025-12-04 13:33:37.208,2432
2025-12-04 13:33:36.900,3013
2025-12-04 13:33:14.432,3605
2025-12-04 13:33:13.569,5164
2025-12-04 13:32:57.916,4009
2025-12-04 13:32:56.968,4389
2025-12-04 13:32:44.544,3211
2025-12-04 13:32:41.900,3435
2025-12-04 13:32:14.771,1779
2025-12-04 13:32:13.581,1988
2025-12-04 13:32:01.027,1433
2025-12-04 13:31:38.670,1988
2025-12-04 13:31:37.310,1800
2025-12-04 13:31:21.332,1899
2025-12-04 13:31:20.428,2195
2025-12-04 13:31:14.239,2840
2025-12-04 13:31:11.386,2397
2025-12-04 13:31:09.945,5908
2025-12-04 13:31:05.336,3789
2025-12-04 13:30:49.739,1979
2025-12-04 13:30:49.495,3352
2025-12-04 13:30:49.329,4386
2025-12-04 13:30:43.403,1421
2025-12-04 13:30:40.440,2532
2025-12-04 13:30:38.737,3878
2025-12-04 13:29:50.984,5351
2025-12-04 13:29:50.469,4989
2025-12-04 13:29:44.480,1669
2025-12-04 13:27:31.411,2054
2025-12-04 13:27:30.257,2391
2025-12-04 13:26:40.484,2537
2025-12-04 13:26:39.205,2549
2025-12-04 13:26:04.090,2764
2025-12-04 13:26:01.995,2569
2025-12-04 13:25:43.794,9176
2025-12-04 13:25:43.592,2074
2025-12-04 13:25:41.317,8344
2025-12-04 13:25:41.114,9956
2025-12-04 13:25:17.383,5566
2025-12-04 13:25:16.360,6043
2025-12-04 13:24:53.385,5458
2025-12-04 13:24:53.345,5743
2025-12-04 13:24:34.959,7787
2025-12-04 13:24:30.882,3110
2025-12-04 13:24:28.807,3351
2025-12-04 13:24:27.525,7615
2025-12-04 13:23:40.549,2667
2025-12-04 13:23:39.262,2283
2025-12-04 13:23:16.409,4768
2025-12-04 13:23:16.326,4866
2025-12-04 13:22:55.516,2062
2025-12-04 13:22:54.276,2088
2025-12-04 13:22:41.833,1862
2025-12-04 13:22:38.242,2589
2025-12-04 13:21:58.712,3048
2025-12-04 13:21:57.169,2538
2025-12-04 13:21:07.707,2404
2025-12-04 13:21:06.043,2771
2025-12-04 13:20:54.163,2203
2025-12-04 13:20:54.100,2652
2025-12-04 13:20:13.724,2152
2025-12-04 13:20:12.100,2286
2025-12-04 13:20:00.039,1291
2025-12-04 13:19:17.507,638
2025-12-04 13:18:59.077,1861
2025-12-04 13:18:57.765,2508
2025-12-04 13:18:42.541,2977
2025-12-04 13:18:41.277,1982
2025-12-04 13:18:32.975,2166
2025-12-04 13:18:28.601,2407
2025-12-04 13:18:18.709,9259
2025-12-04 13:18:17.576,11066
2025-12-04 13:18:01.911,1488
2025-12-04 13:17:55.431,2450
2025-12-04 13:17:53.719,2604
2025-12-04 13:17:35.838,9358
2025-12-04 13:17:34.683,8764
2025-12-04 13:17:29.614,1614
2025-12-04 13:17:21.589,1841
2025-12-04 13:17:16.814,1634
2025-12-04 13:17:14.741,2092
2025-12-04 13:16:12.068,5969
2025-12-04 13:16:11.356,5331
2025-12-04 13:15:42.692,7782
2025-12-04 13:15:36.132,6822
2025-12-04 13:15:07.505,3161
2025-12-04 13:15:07.043,2520
2025-12-04 13:14:50.789,5273
2025-12-04 13:14:44.457,7586
2025-12-04 13:14:24.418,2940
2025-12-04 13:14:23.800,2831
2025-12-04 13:14:13.515,8387
2025-12-04 13:14:06.985,5753
2025-12-04 13:13:56.921,3742
2025-12-04 13:13:56.035,2439
2025-12-04 13:13:33.343,2085
2025-12-04 13:13:31.523,2183
2025-12-04 13:12:26.604,8608
2025-12-04 13:12:25.151,1303
2025-12-04 13:12:18.285,6508
2025-12-04 13:11:46.607,1578
2025-12-04 13:11:45.513,2145
2025-12-04 13:11:31.141,1832
2025-12-04 13:11:31.025,1710
2025-12-04 13:11:03.624,7631
2025-12-04 13:11:03.408,6127
2025-12-04 13:10:54.737,5603
2025-12-04 13:10:51.248,2191
2025-12-04 13:10:50.373,5780
2025-12-04 13:10:48.336,3113
2025-12-04 13:10:36.486,4206
2025-12-04 13:10:34.419,5940
2025-12-04 13:09:36.739,7022
2025-12-04 13:09:34.593,5587
2025-12-04 13:08:43.907,10192
2025-12-04 13:07:11.467,4275
2025-12-04 13:07:08.815,6443
2025-12-04 13:06:30.973,1423
2025-12-04 13:06:27.345,1491
2025-12-04 13:06:14.921,10049
2025-12-04 13:06:12.455,10377
2025-12-04 13:05:51.656,3584
2025-12-04 13:05:50.772,2453
2025-12-04 13:04:05.623,1611
2025-12-04 13:04:05.622,2416
2025-12-04 13:03:54.766,2378
2025-12-04 13:03:54.068,1982
2025-12-04 13:03:46.872,2135
2025-12-04 13:03:43.884,3004
2025-12-04 13:03:32.304,8027
2025-12-04 13:02:00.284,2094
2025-12-04 13:01:17.797,4689
2025-12-04 13:01:15.976,5159
2025-12-04 13:00:55.917,2175
2025-12-04 13:00:55.248,2272
2025-12-04 13:00:27.536,3326
2025-12-04 13:00:22.225,7063
2025-12-04 12:58:38.989,1859
2025-12-04 12:58:38.909,2050
2025-12-04 12:58:38.365,1850
2025-12-04 12:58:35.483,1360
2025-12-04 12:58:15.078,3764
2025-12-04 12:58:14.775,3693
2025-12-04 12:58:02.147,4238
2025-12-04 12:57:59.924,4627
2025-12-04 12:57:55.154,4647
2025-12-04 12:57:54.651,2383
2025-12-04 12:57:53.298,1788
2025-12-04 12:57:47.072,4312
2025-12-04 12:57:33.003,2148
2025-12-04 12:57:31.600,2207
2025-12-04 12:57:22.262,2159
2025-12-04 12:57:19.837,3886
2025-12-04 12:57:08.777,2702
2025-12-04 12:57:06.678,4145
2025-12-04 12:56:56.463,2059
2025-12-04 12:56:54.751,2124
2025-12-04 12:56:47.536,1912
2025-12-04 12:56:44.216,2808
2025-12-04 12:56:29.125,4687
2025-12-04 12:56:27.809,4522
2025-12-04 12:56:09.683,3696
2025-12-04 12:56:07.191,4239
2025-12-04 12:55:31.204,4802
2025-12-04 12:55:30.757,5094
2025-12-04 12:55:01.025,2888
2025-12-04 12:54:56.291,2381
2025-12-04 12:54:55.655,1594
2025-12-04 12:54:54.626,2106
2025-12-04 12:54:47.699,3636
2025-12-04 12:54:44.167,3985
2025-12-04 12:54:29.590,656
2025-12-04 12:54:17.969,2428
2025-12-04 12:54:16.618,2115
2025-12-04 12:54:16.443,2321
2025-12-04 12:53:46.755,9349
2025-12-04 12:53:45.946,8143
2025-12-04 12:53:17.145,1942
2025-12-04 12:53:15.285,1839
2025-12-04 12:53:09.421,5605
2025-12-04 12:53:07.483,7470
2025-12-04 12:52:34.124,2065
2025-12-04 12:52:32.610,2143
2025-12-04 12:51:52.957,3056
2025-12-04 12:51:52.269,2267
2025-12-04 12:51:41.904,6147
2025-12-04 12:51:38.458,5875
2025-12-04 12:51:37.401,6499
2025-12-04 12:51:32.984,9371
2025-12-04 12:51:23.654,3304
2025-12-04 12:51:23.201,2357
2025-12-04 12:50:16.548,2653
2025-12-04 12:50:14.316,2961
2025-12-04 12:49:28.993,2364
2025-12-04 12:49:27.123,2056
2025-12-04 12:49:23.303,2704
2025-12-04 12:49:20.728,1859
2025-12-04 12:49:04.405,8420
2025-12-04 12:49:02.481,3381
2025-12-04 12:49:02.081,3630
2025-12-04 12:48:47.946,3395
2025-12-04 12:48:47.235,1978
2025-12-04 12:48:34.092,2152
2025-12-04 12:48:33.274,2072
2025-12-04 12:48:15.223,1862
2025-12-04 12:48:05.027,2493
2025-12-04 12:47:59.587,3325
2025-12-04 12:47:05.022,1587
2025-12-04 12:46:58.171,2483
2025-12-04 12:45:33.946,1376
2025-12-04 12:45:15.741,7685
2025-12-04 12:45:07.649,9024
2025-12-04 12:45:06.593,8256
2025-12-04 12:44:59.435,6469
2025-12-04 12:44:56.528,1294
2025-12-04 12:44:52.897,3625
2025-12-04 12:44:52.341,3753
2025-12-04 12:44:50.512,2007
2025-12-04 12:44:49.636,2275
2025-12-04 12:44:27.455,2510
2025-12-04 12:44:26.433,3216
2025-12-04 12:44:07.761,1458
2025-12-04 12:44:05.772,1302
2025-12-04 12:44:02.275,7175
2025-12-04 12:44:00.623,3721
2025-12-04 12:43:17.925,2482
2025-12-04 12:43:14.845,2189
2025-12-04 12:43:03.477,9248
2025-12-04 12:43:01.350,9904
2025-12-04 12:42:33.186,1336
2025-12-04 12:42:19.912,3596
2025-12-04 12:42:18.516,3653
2025-12-04 12:42:09.415,1866
2025-12-04 12:42:06.754,3592
2025-12-04 12:40:51.315,9315
2025-12-04 12:40:48.879,10033
2025-12-04 12:39:54.187,2289
2025-12-04 12:39:52.948,3856
2025-12-04 12:39:26.410,16323
2025-12-04 12:38:55.163,4400
2025-12-04 12:38:55.077,4466
2025-12-04 12:36:36.993,2047
2025-12-04 12:36:34.374,2474
2025-12-04 12:36:28.595,8292
2025-12-04 12:36:26.139,9070
2025-12-04 12:35:39.276,2931
2025-12-04 12:35:36.229,3597
2025-12-04 12:35:26.119,2697
2025-12-04 12:35:25.792,2260
2025-12-04 12:35:14.568,3268
2025-12-04 12:35:12.517,3527
2025-12-04 12:35:10.857,2197
2025-12-04 12:35:09.186,2158
2025-12-04 12:34:20.830,3107
2025-12-04 12:34:20.804,3312
2025-12-04 12:34:17.039,3427
2025-12-04 12:34:16.502,3809
2025-12-04 12:33:45.124,3371
2025-12-04 12:33:43.747,3723
2025-12-04 12:32:50.560,2182
2025-12-04 12:32:49.382,2238
2025-12-04 12:32:39.345,3487
2025-12-04 12:32:39.141,3312
2025-12-04 12:32:39.030,3122
2025-12-04 12:32:38.619,2827
2025-12-04 12:32:25.109,2115
2025-12-04 12:32:22.737,2933
2025-12-04 12:32:04.145,12974
2025-12-04 12:32:03.607,12577
2025-12-04 12:31:32.977,8774
2025-12-04 12:31:32.490,9180
2025-12-04 12:31:30.847,9400
2025-12-04 12:31:23.115,19477
2025-12-04 12:31:17.541,22272
2025-12-04 12:31:02.883,22623
2025-12-04 12:31:00.929,28850
2025-12-04 12:30:53.864,28183
2025-12-04 12:30:47.633,28869
2025-12-04 12:30:32.887,28960
2025-12-04 12:30:30.984,28867
2025-12-04 12:29:45.839,2218
2025-12-04 12:29:45.564,2702
2025-12-04 12:29:37.402,2059
2025-12-04 12:29:37.386,2825
2025-12-04 12:28:49.143,1811
2025-12-04 12:28:48.433,6006
2025-12-04 12:28:47.058,2402
2025-12-04 12:28:46.833,2042
2025-12-04 12:28:05.710,3332
2025-12-04 12:28:03.948,2613
2025-12-04 12:27:03.474,7785
2025-12-04 12:26:51.410,8383
2025-12-04 12:24:13.924,1922
2025-12-04 12:24:12.870,2350
2025-12-04 12:23:17.063,2560
2025-12-04 12:23:16.842,1827
2025-12-04 12:23:14.306,2207
2025-12-04 12:23:14.134,1832
2025-12-04 12:22:58.061,7485
2025-12-04 12:22:53.617,6656
2025-12-04 12:22:42.363,2787
2025-12-04 12:22:41.353,2830
2025-12-04 12:22:21.669,2322
2025-12-04 12:22:21.334,2209
2025-12-04 12:21:54.678,2603
2025-12-04 12:21:54.163,1900
2025-12-04 12:21:31.590,10749
2025-12-04 12:20:53.955,2731
2025-12-04 12:20:53.719,2840
2025-12-04 12:20:41.192,1801
2025-12-04 12:20:40.199,1949
2025-12-04 12:20:16.876,2603
2025-12-04 12:20:16.293,2908
2025-12-04 12:19:53.747,4735
2025-12-04 12:19:48.943,5039
2025-12-04 12:19:46.010,2613
2025-12-04 12:19:45.937,2729
2025-12-04 12:18:54.517,2220
2025-12-04 12:18:54.379,2007
2025-12-04 12:18:19.951,4474
2025-12-04 12:18:15.345,6804
2025-12-04 12:18:06.051,8268
2025-12-04 12:18:05.895,8067
2025-12-04 12:17:40.002,1757
2025-12-04 12:17:39.258,1675
2025-12-04 12:17:37.050,2052
2025-12-04 12:17:34.042,2027
2025-12-04 12:17:21.405,2728
2025-12-04 12:17:21.405,2471
2025-12-04 12:15:52.122,7774
2025-12-04 12:15:51.101,8140
2025-12-04 12:15:48.656,4210
2025-12-04 12:15:47.149,4654
2025-12-04 12:15:38.981,2759
2025-12-04 12:15:37.276,2768
2025-12-04 12:15:13.473,1492
2025-12-04 12:14:48.593,2488
2025-12-04 12:14:48.487,2958
2025-12-04 12:14:12.185,3591
2025-12-04 12:14:10.809,2575
2025-12-04 12:14:10.635,5595
2025-12-04 12:14:01.963,6107
2025-12-04 12:12:38.414,1030
2025-12-04 12:12:34.844,1299
2025-12-04 12:12:20.147,2808
2025-12-04 12:12:19.615,2260
2025-12-04 12:11:51.734,885
2025-12-04 12:11:09.619,1231
2025-12-04 12:10:53.336,3307
2025-12-04 12:10:52.631,3032
2025-12-04 12:10:21.449,7283
2025-12-04 12:10:13.944,6325
2025-12-04 12:09:24.471,1996
2025-12-04 12:09:22.778,2350
2025-12-04 12:09:07.225,701
2025-12-04 12:08:34.921,11035
2025-12-04 12:08:33.105,11356
2025-12-04 12:08:25.134,3441
2025-12-04 12:08:24.074,2577
2025-12-04 12:06:42.811,1389
2025-12-04 12:06:29.353,2011
2025-12-04 12:06:29.076,1972
2025-12-04 12:06:11.131,9760
2025-12-04 12:06:11.029,9544
2025-12-04 12:06:09.774,2773
2025-12-04 12:06:09.508,2427
2025-12-04 12:06:02.224,1227
2025-12-04 12:04:46.302,1364
2025-12-04 12:04:39.444,4052
2025-12-04 12:04:37.868,3995
2025-12-04 12:04:10.660,2024
2025-12-04 12:04:08.885,2169
2025-12-04 12:03:47.681,1426
2025-12-04 12:03:46.506,1318
2025-12-04 12:03:26.458,3581
2025-12-04 12:03:25.539,4310
2025-12-04 12:03:14.711,1681
2025-12-04 12:03:13.363,2101
2025-12-04 12:03:05.625,1578
2025-12-04 12:03:04.751,4944
2025-12-04 12:02:58.447,5887
2025-12-04 12:02:50.378,2190
2025-12-04 12:02:50.048,2106
2025-12-04 12:02:22.072,2980
2025-12-04 12:02:21.512,2654
2025-12-04 12:01:01.358,5078
2025-12-04 12:01:00.122,5184
2025-12-04 12:00:50.210,1430
2025-12-04 12:00:50.171,970
2025-12-04 12:00:33.875,7464
2025-12-04 12:00:29.608,4591
2025-12-04 12:00:29.336,5636
2025-12-04 12:00:26.327,15036
2025-12-04 12:00:24.458,16426
2025-12-04 11:59:39.825,3304
2025-12-04 11:59:37.870,1823
2025-12-04 11:59:10.610,5001
2025-12-04 11:59:09.086,3791
2025-12-04 11:58:48.346,2392
2025-12-04 11:58:48.018,2249
2025-12-04 11:57:26.359,2525
2025-12-04 11:57:26.184,2361
2025-12-04 11:57:18.716,2475
2025-12-04 11:57:14.951,1947
2025-12-04 11:56:55.529,2638
2025-12-04 11:56:55.188,2218
2025-12-04 11:56:48.093,4242
2025-12-04 11:56:46.935,4816
2025-12-04 11:56:44.026,1389
2025-12-04 11:56:40.395,1407
2025-12-04 11:56:32.287,1676
2025-12-04 11:56:31.274,2303
2025-12-04 11:56:11.650,4257
2025-12-04 11:56:10.834,1588
2025-12-04 11:56:08.196,3619
2025-12-04 11:56:06.031,2072
2025-12-04 11:56:05.468,2060
2025-12-04 11:55:39.089,1484
2025-12-04 11:55:31.536,2216
2025-12-04 11:55:30.406,2217
2025-12-04 11:55:28.744,1924
2025-12-04 11:55:27.930,1879
2025-12-04 11:55:24.678,2365
2025-12-04 11:55:24.220,2059
2025-12-04 11:55:15.344,2939
2025-12-04 11:55:15.143,2813
2025-12-04 11:55:00.219,2062
2025-12-04 11:55:00.034,2548
2025-12-04 11:54:42.188,3170
2025-12-04 11:54:39.812,3487
2025-12-04 11:54:35.359,2207
2025-12-04 11:54:34.827,1965
2025-12-04 11:54:04.583,5551
2025-12-04 11:53:58.409,7908
2025-12-04 11:53:55.245,7616
2025-12-04 11:53:51.626,6951
2025-12-04 11:53:27.659,5992
2025-12-04 11:53:23.758,4083
2025-12-04 11:53:17.115,3521
2025-12-04 11:53:15.796,3898
2025-12-04 11:53:03.243,2320
2025-12-04 11:53:03.227,2019
2025-12-04 11:52:57.225,1970
2025-12-04 11:52:56.721,2053
2025-12-04 11:52:46.890,4411
2025-12-04 11:52:44.476,5821
2025-12-04 11:52:18.944,2703
2025-12-04 11:52:16.082,2201
2025-12-04 11:52:10.180,7885
2025-12-04 11:52:09.363,2827
2025-12-04 11:52:09.091,7901
2025-12-04 11:52:08.133,2303
2025-12-04 11:52:01.177,2064
2025-12-04 11:51:59.779,1944
2025-12-04 11:51:54.182,1613
2025-12-04 11:51:54.075,1979
2025-12-04 11:51:42.412,3735
2025-12-04 11:51:41.181,3357
2025-12-04 11:51:33.633,3657
2025-12-04 11:51:32.409,3267
2025-12-04 11:51:18.502,4745
2025-12-04 11:51:17.816,2955
2025-12-04 11:50:39.442,955
2025-12-04 11:49:38.582,1435
2025-12-04 11:49:29.481,1472
2025-12-04 11:49:27.204,2878
2025-12-04 11:49:27.041,2723
2025-12-04 11:49:18.149,3506
2025-12-04 11:49:17.303,3592
2025-12-04 11:49:14.576,3481
2025-12-04 11:49:12.707,4067
2025-12-04 11:49:01.643,4288
2025-12-04 11:49:00.418,4963
2025-12-04 11:48:52.582,8197
2025-12-04 11:48:49.139,5881
2025-12-04 11:48:39.627,1528
2025-12-04 11:48:38.210,2660
2025-12-04 11:48:38.168,2697
2025-12-04 11:48:21.101,2883
2025-12-04 11:48:18.568,1881
2025-12-04 11:48:15.186,2707
2025-12-04 11:48:14.694,2021
2025-12-04 11:47:54.924,2633
2025-12-04 11:47:54.605,2896
2025-12-04 11:47:50.078,4522
2025-12-04 11:47:49.816,4796
2025-12-04 11:47:36.692,7879
2025-12-04 11:47:33.916,8692
2025-12-04 11:47:33.013,5164
2025-12-04 11:47:32.019,5784
2025-12-04 11:47:10.800,10352
2025-12-04 11:47:08.160,7605
2025-12-04 11:46:54.580,2449
2025-12-04 11:46:52.427,2122
2025-12-04 11:46:39.911,9531
2025-12-04 11:46:39.708,9097
2025-12-04 11:46:39.085,4185
2025-12-04 11:46:37.082,5408
2025-12-04 11:46:22.931,2029
2025-12-04 11:46:22.509,3054
2025-12-04 11:46:14.363,1295
2025-12-04 11:46:10.318,6002
2025-12-04 11:46:05.642,6876
2025-12-04 11:45:52.962,3366
2025-12-04 11:45:51.503,4115
2025-12-04 11:45:49.220,1979
2025-12-04 11:45:43.368,2918
2025-12-04 11:45:42.669,8174
2025-12-04 11:45:41.961,7296
2025-12-04 11:45:28.667,13696
2025-12-04 11:45:23.190,12958
2025-12-04 11:45:15.184,4701
2025-12-04 11:45:14.664,4659
2025-12-04 11:45:00.763,12591
2025-12-04 11:45:00.054,9292
2025-12-04 11:44:45.581,2375
2025-12-04 11:44:44.023,2664
2025-12-04 11:44:43.213,3862
2025-12-04 11:44:39.325,5183
2025-12-04 11:44:33.500,3795
2025-12-04 11:44:32.464,5313
2025-12-04 11:44:09.551,1392
2025-12-04 11:44:06.437,10392
2025-12-04 11:44:06.030,8346
2025-12-04 11:43:42.640,2309
2025-12-04 11:43:41.977,2643
2025-12-04 11:43:38.562,2169
2025-12-04 11:43:37.734,2202
2025-12-04 11:43:33.293,2640
2025-12-04 11:43:33.214,2147
2025-12-04 11:43:15.599,8735
2025-12-04 11:43:12.788,7556
2025-12-04 11:42:52.214,1844
2025-12-04 11:42:44.182,3251
2025-12-04 11:42:43.672,2523
2025-12-04 11:42:42.624,2171
2025-12-04 11:42:41.020,6807
2025-12-04 11:42:32.215,5859
2025-12-04 11:42:23.549,3109
2025-12-04 11:42:17.488,15375
2025-12-04 11:42:16.745,2260
2025-12-04 11:42:13.132,8412
2025-12-04 11:42:11.673,6370
2025-12-04 11:42:00.965,8669
2025-12-04 11:41:53.212,6018
2025-12-04 11:41:49.226,6696
2025-12-04 11:41:35.965,2739
2025-12-04 11:41:33.615,2258
2025-12-04 11:41:30.624,1552
2025-12-04 11:41:24.986,2383
2025-12-04 11:41:23.989,2009
2025-12-04 11:41:09.675,2573
2025-12-04 11:41:08.834,2416
2025-12-04 11:41:02.475,3188
2025-12-04 11:41:00.715,2645
2025-12-04 11:40:53.638,1262
2025-12-04 11:40:48.342,1532
2025-12-04 11:40:26.432,2836
2025-12-04 11:40:25.060,3339
2025-12-04 11:39:44.721,12636
2025-12-04 11:39:44.263,11511
2025-12-04 11:38:58.734,1916
2025-12-04 11:38:57.029,2643
2025-12-04 11:38:49.301,2004
2025-12-04 11:37:52.488,1782
2025-12-04 11:37:24.317,2606
2025-12-04 11:37:21.193,3670
2025-12-04 11:36:05.573,8714
2025-12-04 11:36:04.354,2582
2025-12-04 11:35:58.159,8078
2025-12-04 11:35:55.848,5564
2025-12-04 11:33:17.948,14161
2025-12-04 11:33:17.224,12558
2025-12-04 11:31:57.408,1676
2025-12-04 11:29:09.859,2380
2025-12-04 11:29:09.831,2936
2025-12-04 11:26:11.355,10073
2025-12-04 11:24:19.626,3590
2025-12-04 11:15:47.047,7691
2025-12-04 11:04:12.447,7119
2025-12-04 10:59:14.885,2230
2025-12-04 10:54:33.066,1974
2025-12-04 10:52:59.865,6404
2025-12-04 10:52:20.627,331
2025-12-04 10:50:55.792,2309
2025-12-04 10:33:51.526,10919
2025-12-04 10:32:36.259,1567
2025-12-04 10:30:38.070,12554
2025-12-04 10:29:54.056,2432
2025-12-04 10:25:46.994,9031
2025-12-04 10:25:45.266,4029
2025-12-04 10:25:44.255,1223
2025-12-04 10:24:06.982,6256
2025-12-04 10:24:05.829,7069
2025-12-04 10:22:58.891,15171
2025-12-04 10:18:24.678,13944
2025-12-04 10:18:17.562,2445
2025-12-04 10:18:11.702,2469
2025-12-04 10:17:30.770,1529
2025-12-04 10:17:05.421,2266
2025-12-04 10:11:39.475,14569
2025-12-04 10:09:59.514,3140
2025-12-04 10:09:59.158,3812
2025-12-04 10:09:27.681,2001
2025-12-04 10:09:25.416,2539
2025-12-04 10:08:57.576,1150
2025-12-04 10:07:59.105,3795
2025-12-04 10:07:57.371,2940
2025-12-04 10:06:58.890,2054
2025-12-04 10:06:57.800,2193
2025-12-04 10:06:44.722,5820
2025-12-04 10:06:43.605,5530
2025-12-04 10:06:25.877,1984
2025-12-04 10:06:25.333,1957
2025-12-04 10:05:59.968,1322
2025-12-04 10:05:58.098,1307
2025-12-04 10:05:48.883,3533
2025-12-04 10:05:48.803,1363
2025-12-04 10:05:48.650,4132
2025-12-04 10:05:30.168,1147
2025-12-04 10:05:22.518,396
2025-12-04 10:05:15.172,3976
2025-12-04 10:05:13.825,4206
2025-12-04 10:03:29.480,3193
2025-12-04 10:03:29.109,3226
2025-12-04 10:03:22.088,2285
2025-12-04 10:03:21.793,1939
2025-12-04 10:03:04.912,1617
2025-12-04 10:03:01.057,1498
2025-12-04 10:02:55.314,4576
2025-12-04 10:02:04.031,1731
2025-12-04 10:02:03.127,1763
2025-12-04 10:01:09.227,3637
2025-12-04 10:01:08.836,3195
2025-12-04 10:01:03.931,1577
2025-12-04 10:00:22.514,2291
2025-12-04 10:00:22.113,2679
2025-12-04 10:00:11.392,3735
2025-12-04 10:00:10.051,4794
2025-12-04 10:00:02.063,7375
2025-12-04 09:59:59.166,4320
2025-12-04 09:59:22.685,1531
2025-12-04 09:59:21.200,1104
2025-12-04 09:59:15.605,2056
2025-12-04 09:59:14.033,2310
2025-12-04 09:59:09.805,3118
2025-12-04 09:59:07.336,9722
2025-12-04 09:59:07.204,3622
2025-12-04 09:59:06.942,2867
2025-12-04 09:58:18.664,1588
2025-12-04 09:55:37.041,2518
2025-12-04 09:55:37.003,2176
2025-12-04 09:54:47.413,1865
2025-12-04 09:54:46.886,2150
2025-12-04 09:54:01.383,700
2025-12-04 09:53:35.568,1543
2025-12-04 09:53:12.138,2229
2025-12-04 09:53:11.963,1727
2025-12-04 09:53:11.622,1050
2025-12-04 09:52:10.626,1877
2025-12-04 09:52:09.692,2006
2025-12-04 09:51:47.689,1920
2025-12-04 09:51:47.234,1751
2025-12-04 09:51:32.982,4041
2025-12-04 09:51:29.535,4283
2025-12-04 09:50:13.564,7348
2025-12-04 09:50:13.031,5668
2025-12-04 09:50:09.295,1715
2025-12-04 09:49:38.076,3325
2025-12-04 09:49:37.464,3092
2025-12-04 09:49:27.244,2013
2025-12-04 09:49:26.993,1937
2025-12-04 09:49:09.798,4488
2025-12-04 09:49:07.899,4087
2025-12-04 09:48:26.750,4428
2025-12-04 09:48:24.920,4863
2025-12-04 09:48:16.157,1556
2025-12-04 09:48:13.991,1754
2025-12-04 09:47:22.468,7930
2025-12-04 09:47:21.694,7866
2025-12-04 09:47:19.848,1103
2025-12-04 09:46:32.015,4231
2025-12-04 09:46:29.392,4293
2025-12-04 09:46:12.164,2625
2025-12-04 09:46:12.105,2774
2025-12-04 09:44:44.151,6838
2025-12-04 09:42:53.469,2027
2025-12-04 09:42:11.663,4057
2025-12-04 09:42:09.420,4091
2025-12-04 09:41:55.743,3626
2025-12-04 09:41:55.274,2279
2025-12-04 09:37:54.958,900
2025-12-04 09:37:23.417,7855
2025-12-04 09:37:23.192,7730
2025-12-04 09:35:31.297,1399
2025-12-04 09:35:09.882,6127
2025-12-04 09:35:09.254,6210
2025-12-04 09:32:02.070,1036
2025-12-04 09:31:36.894,2903
2025-12-04 09:31:36.875,2895
2025-12-04 09:31:13.441,5500
2025-12-04 09:31:11.208,5675
2025-12-04 09:31:06.136,4233
2025-12-04 09:31:05.332,3620
2025-12-04 09:29:17.483,1430
2025-12-04 09:28:44.118,1929
2025-12-04 09:28:44.012,1620
2025-12-04 09:28:38.367,2176
2025-12-04 09:28:38.151,2131
2025-12-04 09:27:51.477,2017
2025-12-04 09:27:51.441,2225
2025-12-04 09:27:25.138,1286
2025-12-04 09:27:22.072,1373
2025-12-04 09:27:19.374,4977
2025-12-04 09:27:18.162,4028
2025-12-04 09:26:33.886,2195
2025-12-04 09:26:33.635,2117
2025-12-04 09:26:18.474,2460
2025-12-04 09:26:18.173,2519
2025-12-04 09:25:48.201,2261
2025-12-04 09:25:47.065,2309
2025-12-04 09:23:14.835,6680
2025-12-04 09:23:13.543,6562
2025-12-04 09:22:37.698,4264
2025-12-04 09:22:35.692,4160
2025-12-04 09:22:05.430,3133
2025-12-04 09:22:04.872,3014
2025-12-04 09:21:43.339,1270
2025-12-04 09:21:40.491,1253
2025-12-04 09:21:18.338,3885
2025-12-04 09:21:17.892,3884
2025-12-04 09:20:57.245,4409
2025-12-04 09:20:53.212,5227
2025-12-04 09:19:18.690,832
2025-12-04 09:18:14.102,1382
2025-12-04 09:16:09.431,3275
2025-12-04 09:16:09.300,3125
2025-12-04 09:14:20.299,8301
2025-12-04 09:14:19.496,7867
2025-12-04 09:13:13.693,3442
2025-12-04 09:13:12.136,4334
2025-12-04 09:13:07.133,9490
2025-12-04 09:13:07.099,7940
2025-12-04 09:12:46.611,1657
2025-12-04 09:12:45.705,1862
2025-12-04 09:12:03.356,1484
2025-12-04 09:11:32.294,1941
2025-12-04 09:11:31.923,1819
2025-12-04 09:10:39.434,4516
2025-12-04 09:10:37.549,4360
2025-12-04 09:10:34.366,3676
2025-12-04 09:10:33.910,3324
2025-12-04 09:09:48.458,4902
2025-12-04 09:09:45.943,1035
2025-12-04 09:09:45.258,4331
2025-12-04 09:09:42.763,1090
2025-12-04 09:09:13.889,1684
2025-12-04 09:09:13.675,1595
2025-12-04 09:08:54.393,2196
2025-12-04 09:08:54.118,2242
2025-12-04 09:08:39.524,1863
2025-12-04 09:08:39.333,1777
2025-12-04 09:08:14.448,1482
2025-12-04 09:05:44.753,5162
2025-12-04 09:05:44.012,6492
2025-12-04 09:05:43.481,6546
2025-12-04 09:05:35.879,4774
2025-12-04 09:05:31.148,2302
2025-12-04 09:05:30.692,2474
2025-12-04 09:05:24.269,2804
2025-12-04 09:05:23.031,1731
2025-12-04 09:05:21.696,1203
2025-12-04 09:03:42.944,3970
2025-12-04 09:03:38.172,5273
2025-12-04 09:02:16.976,2257
2025-12-04 09:02:16.757,2179
2025-12-04 09:02:04.141,1450
2025-12-04 09:01:33.150,2586
2025-12-04 09:01:32.640,2278
2025-12-04 09:01:22.524,1869
2025-12-04 08:58:54.485,2115
2025-12-04 08:58:54.140,1949
2025-12-04 08:58:30.401,4806
2025-12-04 08:58:28.061,5684
2025-12-04 08:57:53.548,6788
2025-12-04 08:57:53.421,7749
2025-12-04 08:54:34.850,1350
2025-12-04 08:54:32.713,1868
2025-12-04 08:53:52.928,1833
2025-12-04 08:53:52.769,2230
2025-12-04 08:53:34.134,4431
2025-12-04 08:53:32.433,4021
2025-12-04 08:53:11.775,4242
2025-12-04 08:53:07.451,4191
2025-12-04 08:52:31.995,4230
2025-12-04 08:51:45.211,5783
2025-12-04 08:50:37.336,2008
2025-12-04 08:50:37.083,2148
2025-12-04 08:50:06.046,689
2025-12-04 08:50:03.834,1141
2025-12-04 08:49:59.246,2347
2025-12-04 08:49:58.882,1968
2025-12-04 08:49:49.175,2577
2025-12-04 08:49:49.130,2444
2025-12-04 08:46:41.659,1378
2025-12-04 08:46:18.947,2697
2025-12-04 08:46:18.563,3012
2025-12-04 08:46:16.622,2368
2025-12-04 08:46:16.603,2690
2025-12-04 08:45:11.117,2774
2025-12-04 08:45:11.040,2460
2025-12-04 08:44:16.562,1929
2025-12-04 08:44:15.289,2209
2025-12-04 08:42:53.282,1806
2025-12-04 08:42:51.458,1982
2025-12-04 08:41:00.232,2667
2025-12-04 08:41:00.105,2746
2025-12-04 08:40:07.922,4061
2025-12-04 08:40:07.244,4649
2025-12-04 08:39:01.157,4056
2025-12-04 08:38:59.816,3865
2025-12-04 08:38:34.300,952
2025-12-04 08:37:46.102,1749
2025-12-04 08:37:46.048,2122
2025-12-04 08:37:26.114,2493
2025-12-04 08:37:25.876,1646
2025-12-04 08:35:08.716,1536
2025-12-04 08:35:07.800,1658
2025-12-04 08:35:06.782,1058
2025-12-04 08:35:04.967,1308
2025-12-04 08:35:00.687,5627
2025-12-04 08:34:58.260,6608
2025-12-04 08:34:06.039,3074
2025-12-04 08:34:03.900,4623
2025-12-04 08:33:23.126,1618
2025-12-04 08:33:22.554,1620
2025-12-04 08:33:10.074,5060
2025-12-04 08:33:07.312,4349
2025-12-04 08:30:54.130,1277
2025-12-04 08:30:51.907,1191
2025-12-04 08:30:26.601,3607
2025-12-04 08:30:25.550,4558
2025-12-04 08:29:30.495,8289
2025-12-04 08:29:30.201,9229
2025-12-04 08:27:15.680,981
2025-12-04 08:26:59.757,1866
2025-12-04 08:26:59.358,1821
2025-12-04 08:25:56.503,2273
2025-12-04 08:25:55.513,1944
2025-12-04 08:25:10.798,2409
2025-12-04 08:25:07.926,2061
2025-12-04 08:24:43.544,8517
2025-12-04 08:24:43.211,9323
2025-12-04 08:24:17.014,5022
2025-12-04 08:24:16.214,4554
2025-12-04 08:24:03.321,1968
2025-12-04 08:24:03.121,1945
2025-12-04 08:23:51.532,4041
2025-12-04 08:23:50.579,4248
2025-12-04 08:23:41.826,4724
2025-12-04 08:23:37.713,5813
2025-12-04 08:23:11.994,3357
2025-12-04 08:23:11.315,3138
2025-12-04 08:22:45.523,4100
2025-12-04 08:22:42.500,4398
2025-12-04 08:22:39.337,2992
2025-12-04 08:22:38.575,3006
2025-12-04 08:22:29.118,4587
2025-12-04 08:22:26.673,5397
2025-12-04 08:21:42.306,5126
2025-12-04 08:21:40.616,5256
2025-12-04 08:20:57.194,1773
2025-12-04 08:20:56.092,1958
2025-12-04 08:20:52.923,3023
2025-12-04 08:20:52.118,3043
2025-12-04 08:20:42.350,2200
2025-12-04 08:20:42.140,2611
2025-12-04 08:19:33.690,5266
2025-12-04 08:19:32.092,5899
2025-12-04 08:19:04.985,1860
2025-12-04 08:19:04.169,2904
2025-12-04 08:18:25.377,2685
2025-12-04 08:18:25.370,2951
2025-12-04 08:16:20.425,1406
2025-12-04 08:16:17.296,1578
2025-12-04 08:16:08.016,2264
2025-12-04 08:16:07.491,2393
2025-12-04 08:15:17.028,2062
2025-12-04 08:15:16.283,1788
2025-12-04 08:15:06.811,1725
2025-12-04 08:12:58.538,4370
2025-12-04 08:12:58.311,4564
2025-12-04 08:10:38.499,2228
2025-12-04 08:10:38.259,2503
2025-12-04 08:10:09.618,4856
2025-12-04 08:10:07.070,5479
2025-12-04 08:09:28.515,1115
2025-12-04 08:09:25.956,2026
2025-12-04 08:09:25.822,1811
2025-12-04 08:09:23.270,1340
2025-12-04 08:08:34.928,1996
2025-12-04 08:08:33.470,2035
2025-12-04 08:07:50.588,3199
2025-12-04 08:07:49.577,2796
2025-12-04 08:06:44.269,2015
2025-12-04 08:06:43.502,2526
2025-12-04 08:06:36.002,7454
2025-12-04 08:06:35.066,7832
2025-12-04 08:06:22.700,1998
2025-12-04 08:06:22.232,2120
2025-12-04 08:06:07.228,4788
2025-12-04 08:06:03.097,4183
2025-12-04 08:05:43.712,3994
2025-12-04 08:05:43.484,3182
2025-12-04 08:02:46.473,1905
2025-12-04 08:02:46.095,2173
2025-12-04 08:02:06.662,4900
2025-12-04 08:02:05.736,2605
2025-12-04 08:02:03.918,4360
2025-12-04 08:02:03.027,4896
2025-12-04 08:01:27.827,2377
2025-12-04 08:01:27.689,1963
2025-12-04 08:01:16.683,4417
2025-12-04 08:01:16.537,3993
2025-12-04 08:00:28.678,1944
2025-12-04 07:59:30.131,3732
2025-12-04 07:59:29.310,4496
2025-12-04 07:58:02.607,1618
2025-12-04 07:57:29.159,7487
2025-12-04 07:57:28.663,6591
2025-12-04 07:55:46.635,2509
2025-12-04 07:55:45.855,3256
2025-12-04 07:54:46.678,4094
2025-12-04 07:54:44.283,4531
2025-12-04 07:51:18.787,8574
2025-12-04 07:51:17.605,3237
2025-12-04 07:50:03.326,3637
2025-12-04 07:50:03.088,2746
2025-12-04 07:45:10.950,1992
2025-12-04 07:45:08.257,1745
2025-12-04 07:43:44.060,4162
2025-12-04 07:43:39.812,4770
2025-12-04 07:43:39.503,1972
2025-12-04 07:43:39.086,2172
2025-12-04 07:43:23.543,2184
2025-12-04 07:43:21.160,2232
2025-12-04 07:42:37.685,5577
2025-12-04 07:42:34.550,6009
2025-12-04 07:42:30.647,2050
2025-12-04 07:42:30.528,1814
2025-12-04 07:42:07.602,6159
2025-12-04 07:42:05.335,6462
2025-12-04 07:39:24.198,1936
2025-12-04 07:39:23.559,1992
2025-12-04 07:39:20.986,3316
2025-12-04 07:39:20.060,3320
2025-12-04 07:38:38.139,2220
2025-12-04 07:38:36.815,2234
2025-12-04 07:36:43.269,2418
2025-12-04 07:36:43.130,2077
2025-12-04 07:34:35.518,1995
2025-12-04 07:33:16.646,3915
2025-12-04 07:33:16.428,3912
2025-12-04 07:32:34.850,5981
2025-12-04 07:32:29.986,4044
2025-12-04 07:32:13.516,1201
2025-12-04 07:32:09.494,2810
2025-12-04 07:32:08.592,3508
2025-12-04 07:31:32.244,2191
2025-12-04 07:31:30.808,1958
2025-12-04 07:31:25.713,1635
2025-12-04 07:31:24.494,1770
2025-12-04 07:31:08.991,16466
2025-12-04 07:31:08.172,5924
2025-12-04 07:31:08.026,3247
2025-12-04 07:31:07.735,4486
2025-12-04 07:28:43.973,2198
2025-12-04 07:28:42.347,2731
2025-12-04 07:25:15.424,1188
2025-12-04 07:25:03.434,452
2025-12-04 07:24:44.374,2311
2025-12-04 07:24:44.067,2451
2025-12-04 07:24:18.636,4650
2025-12-04 07:24:14.890,4727
2025-12-04 07:23:38.825,2279
2025-12-04 07:19:42.383,8312
2025-12-04 07:19:41.635,8663
2025-12-04 07:19:16.990,2659
2025-12-04 07:19:16.934,2621
2025-12-04 07:18:19.835,2344
2025-12-04 07:18:19.626,1713
2025-12-04 07:17:50.536,3456
2025-12-04 07:17:50.348,3249
2025-12-04 07:17:40.676,7705
2025-12-04 07:17:40.454,8017
2025-12-04 07:16:50.464,1993
2025-12-04 07:16:47.952,2517
2025-12-04 07:16:46.998,3357
2025-12-04 07:16:46.881,3128
2025-12-04 07:11:18.318,1229
2025-12-04 07:11:17.037,1239
2025-12-04 07:11:07.550,4622
2025-12-04 07:11:03.058,4705
2025-12-04 07:10:09.830,4347
2025-12-04 07:10:08.033,5329
2025-12-04 07:08:36.257,1944
2025-12-04 07:06:55.320,3223
2025-12-04 07:06:54.456,1820
2025-12-04 07:06:41.337,1317
2025-12-04 07:06:40.057,1385
2025-12-04 07:06:09.400,7392
2025-12-04 07:06:09.070,6904
2025-12-04 07:05:49.279,1877
2025-12-04 07:05:48.527,2305
2025-12-04 07:04:36.239,2248
2025-12-04 07:04:35.493,2290
2025-12-04 07:04:25.911,2049
2025-12-04 07:04:25.057,2494
2025-12-04 07:03:04.231,9231
2025-12-04 07:03:03.999,2389
2025-12-04 07:03:03.563,3968
2025-12-04 07:03:03.315,4543
2025-12-04 07:00:40.513,4236
2025-12-04 07:00:37.986,4778
2025-12-04 06:59:53.994,2587
2025-12-04 06:59:53.782,3270
2025-12-04 06:58:22.906,11518
2025-12-04 06:58:22.353,7886
2025-12-04 06:57:55.431,4347
2025-12-04 06:57:53.097,9152
2025-12-04 06:57:52.852,4831
2025-12-04 06:57:51.665,4184
2025-12-04 06:57:48.514,7032
2025-12-04 06:57:19.259,5478
2025-12-04 06:57:18.816,7257
2025-12-04 06:54:53.669,2071
2025-12-04 06:54:53.417,4113
2025-12-04 06:54:15.871,4516
2025-12-04 06:54:15.149,4180
2025-12-04 06:53:16.102,3076
2025-12-04 06:53:15.695,3215
2025-12-04 06:52:20.815,1765
2025-12-04 06:51:15.255,1230
2025-12-04 06:51:13.656,1477
2025-12-04 06:49:02.100,3917
2025-12-04 06:48:58.735,4175
2025-12-04 06:48:53.676,1815
2025-12-04 06:46:27.591,1977
2025-12-04 06:46:27.150,2067
2025-12-04 06:45:50.328,6185
2025-12-04 06:45:48.288,6003
2025-12-04 06:43:02.304,5014
2025-12-04 06:43:01.606,6296
2025-12-04 06:39:31.923,1635
2025-12-04 06:39:30.900,1919
2025-12-04 06:39:14.678,1433
2025-12-04 06:38:27.230,1799
2025-12-04 06:38:26.946,1696
2025-12-04 06:37:27.931,2028
2025-12-04 06:37:27.816,1847
2025-12-04 06:37:10.591,2081
2025-12-04 06:37:10.292,1994
2025-12-04 06:36:10.234,1690
2025-12-04 06:36:08.225,2093
2025-12-04 06:35:28.604,1467
2025-12-04 06:35:23.634,1477
2025-12-04 06:34:58.714,8707
2025-12-04 06:32:31.665,20856
2025-12-04 06:32:09.546,3864
2025-12-04 06:32:01.558,5457
2025-12-04 06:30:49.464,10081
2025-12-04 06:30:48.469,9382
2025-12-04 06:30:10.467,12557
2025-12-04 06:30:09.842,13732
2025-12-04 06:29:57.500,2653
2025-12-04 06:29:57.354,5818
2025-12-04 06:24:08.330,1827
2025-12-04 06:24:07.136,2127
2025-12-04 06:22:43.398,5458
2025-12-04 06:22:42.947,6045
2025-12-04 06:19:55.792,1190
2025-12-04 06:19:51.975,1573
2025-12-04 06:17:31.481,1131
2025-12-04 06:17:29.081,1628
2025-12-04 06:15:45.662,2361
2025-12-04 06:15:45.095,2386
2025-12-04 06:15:17.840,3440
2025-12-04 06:15:17.351,3782
2025-12-04 06:11:52.597,2255
2025-12-04 06:11:52.021,2837
2025-12-04 06:10:09.004,1714
2025-12-04 06:10:08.119,1922
2025-12-04 06:09:37.050,7650
2025-12-04 06:09:36.069,7962
2025-12-04 06:07:05.931,2816
2025-12-04 06:07:05.595,3135
2025-12-04 06:03:02.916,6952
2025-12-04 06:03:01.720,7610
2025-12-04 05:57:32.282,3181
2025-12-04 05:57:32.273,4378
2025-12-04 05:57:32.266,12212
2025-12-04 05:57:32.266,9531
2025-12-04 05:56:19.591,1247
2025-12-04 05:55:50.593,1888
2025-12-04 05:54:55.937,3573
2025-12-04 05:54:50.468,3457
2025-12-04 05:54:44.860,3547
2025-12-04 05:54:13.966,781
2025-12-04 05:54:11.518,1402
2025-12-04 05:53:43.396,801
2025-12-04 05:53:36.171,5759
2025-12-04 05:53:30.013,4179
2025-12-04 05:53:19.468,7350
2025-12-04 05:50:19.347,2597
2025-12-04 05:50:19.211,2711
2025-12-04 05:49:15.418,2859
2025-12-04 05:49:15.063,3392
2025-12-04 05:48:15.989,5626
2025-12-04 05:48:14.908,2428
2025-12-04 05:48:11.784,2990
2025-12-04 05:46:32.457,3430
2025-12-04 05:46:28.997,1510
2025-12-04 05:45:28.951,5582
2025-12-04 05:45:28.921,2147
2025-12-04 05:38:34.152,2246
2025-12-04 05:33:25.029,1365
2025-12-04 05:32:08.075,2695
2025-12-04 05:32:07.936,2585
2025-12-04 05:30:15.236,2918
2025-12-04 05:30:13.960,6469
2025-12-04 05:27:08.594,4082
2025-12-04 05:27:08.404,5426
2025-12-04 05:23:00.433,1257
2025-12-04 05:22:58.166,1264
2025-12-04 05:22:33.634,4517
2025-12-04 05:22:26.111,9498
2025-12-04 05:19:17.374,2560
2025-12-04 05:19:17.345,2287
2025-12-04 05:17:42.808,8588
2025-12-04 05:17:41.041,3805
2025-12-04 05:16:11.838,1987
2025-12-04 05:16:10.398,6012
2025-12-04 05:16:08.581,3367
2025-12-04 05:16:05.192,5474
2025-12-04 05:09:51.902,2454
2025-12-04 05:09:51.009,2765
2025-12-04 05:02:19.466,2286
2025-12-04 05:02:19.257,1798
2025-12-04 05:02:05.669,4892
2025-12-04 05:02:05.305,4746
2025-12-04 04:58:36.400,8210
2025-12-04 04:58:35.077,9170
2025-12-04 04:52:15.407,6498
2025-12-04 04:52:15.365,8667
2025-12-04 04:50:48.058,1379
2025-12-04 04:49:40.947,1967
2025-12-04 04:49:39.409,2134
2025-12-04 04:47:16.457,1606
2025-12-04 04:47:13.708,2217
2025-12-04 04:43:18.971,7770
2025-12-04 04:40:17.491,4402
2025-12-04 04:40:17.273,4841
2025-12-04 04:39:38.331,2217
2025-12-04 04:39:36.868,2246
2025-12-04 04:39:12.246,1796
2025-12-04 04:39:08.472,2357
2025-12-04 04:38:45.243,6452
2025-12-04 04:38:42.206,8965
2025-12-04 04:35:41.541,7028
2025-12-04 04:35:39.058,8201
2025-12-04 04:35:38.765,3315
2025-12-04 04:35:37.829,4752
2025-12-04 04:34:48.724,1772
2025-12-04 04:34:48.512,1686
2025-12-04 04:34:14.073,8352
2025-12-04 04:31:17.136,7168
2025-12-04 04:30:25.570,2490
2025-12-04 04:30:25.048,2100
2025-12-04 04:26:57.257,2670
2025-12-04 04:26:57.199,3324
2025-12-04 04:22:25.093,4375
2025-12-04 04:22:24.424,4467
2025-12-04 04:22:12.778,6566
2025-12-04 04:22:02.884,8327
2025-12-04 04:21:43.058,4467
2025-12-04 04:21:42.918,3669
2025-12-04 04:18:46.633,2872
2025-12-04 04:16:10.524,1547
2025-12-04 04:16:09.086,1732
2025-12-04 04:14:37.820,2045
2025-12-04 04:06:02.434,3370
2025-12-04 03:40:29.945,5543
2025-12-04 03:40:29.424,4691
2025-12-04 03:39:34.975,2034
2025-12-04 03:39:34.410,2028
2025-12-04 03:37:54.325,3568
2025-12-04 03:37:52.918,7868
2025-12-04 03:37:51.542,3919
2025-12-04 03:37:49.207,4115
2025-12-04 03:37:32.702,3907
2025-12-04 03:37:30.276,4049
2025-12-04 03:37:20.743,2085
2025-12-04 03:37:19.156,3234
2025-12-04 03:31:59.159,3413
2025-12-04 03:31:59.109,3034
2025-12-04 03:27:08.732,1612
2025-12-04 03:26:39.779,4049
2025-12-04 03:26:39.722,4373
2025-12-04 03:22:17.723,6380
2025-12-04 03:21:33.893,2410
2025-12-04 03:20:14.969,10319
2025-12-04 03:20:14.672,3852
2025-12-04 03:15:45.513,5754
2025-12-04 03:15:45.371,3180
2025-12-04 02:49:03.890,3222
2025-12-04 02:46:19.219,9680
2025-12-04 02:46:18.702,2879
2025-12-04 02:45:49.181,5672
2025-12-04 02:45:48.530,2314
2025-12-04 02:33:24.221,10623
2025-12-04 02:33:22.231,4293
2025-12-04 02:32:49.897,4974
2025-12-04 02:32:48.403,2111
2025-12-04 02:20:05.141,2612
2025-12-04 02:20:05.076,2451
2025-12-04 02:18:44.712,3344
2025-12-04 02:18:44.632,2932
2025-12-04 02:12:18.883,1311
2025-12-04 02:11:51.075,4111
2025-12-04 02:11:49.769,4724
2025-12-04 02:11:41.279,8787
2025-12-04 02:11:39.596,4040
2025-12-04 02:09:43.017,4662
2025-12-04 02:09:38.125,5022
2025-12-04 01:56:46.091,4063
2025-12-04 01:56:43.657,4468
2025-12-04 01:56:21.002,3827
2025-12-04 01:56:20.983,2453
2025-12-04 01:47:51.852,14660
2025-12-04 01:47:50.147,8560
2025-12-04 01:37:00.268,8343
2025-12-04 01:36:57.537,6765
2025-12-04 01:11:17.773,8184
2025-12-04 01:11:15.274,4758
2025-12-04 01:07:54.199,2913
2025-12-04 00:50:55.045,2322
2025-12-04 00:50:54.640,1610
2025-12-04 00:50:16.989,8586
2025-12-04 00:50:16.851,2938
2025-12-04 00:37:29.298,728
2025-12-04 00:37:28.037,1166
2025-12-04 00:35:29.456,5682
2025-12-04 00:35:28.238,2825
2025-12-04 00:32:17.064,2012
2025-12-04 00:28:57.489,3336
2025-12-04 00:18:37.338,5685
2025-12-04 00:18:37.149,2420
2025-12-04 00:09:28.117,8189
2025-12-04 00:09:26.296,5319
2025-12-04 00:02:52.059,2260
2025-12-04 00:02:51.789,2262
2025-12-04 00:00:57.927,5696
2025-12-04 00:00:56.418,6688
2025-12-03 23:55:32.574,3605
2025-12-03 23:55:32.047,3219
2025-12-03 23:54:26.671,2631
2025-12-03 23:54:26.322,5167
2025-12-03 23:54:15.641,1821
2025-12-03 23:51:09.511,5977
2025-12-03 23:51:09.258,5831
2025-12-03 23:51:08.921,1903
2025-12-03 23:51:08.638,2014
2025-12-03 23:49:19.899,1689
2025-12-03 23:49:19.822,1633
2025-12-03 23:49:08.049,4552
2025-12-03 23:49:07.998,4165
2025-12-03 23:45:42.644,3814
2025-12-03 23:45:39.880,3853
2025-12-03 23:45:16.731,4972
2025-12-03 23:45:15.387,4432
2025-12-03 23:43:22.818,4220
2025-12-03 23:43:19.763,5350
2025-12-03 23:38:53.956,1527
2025-12-03 23:37:18.747,5298
2025-12-03 23:37:16.391,5562
2025-12-03 23:37:13.269,8837
2025-12-03 23:37:04.343,2095
2025-12-03 23:35:07.510,3654
2025-12-03 23:35:06.821,1252
2025-12-03 23:35:03.246,4202
2025-12-03 23:35:00.970,3552
2025-12-03 23:35:00.563,1588
2025-12-03 23:34:33.819,4241
2025-12-03 23:34:31.621,4537
2025-12-03 23:33:22.427,3793
2025-12-03 23:33:18.258,4079
2025-12-03 23:32:51.746,2177
2025-12-03 23:32:51.692,1638
2025-12-03 23:32:36.335,8385
2025-12-03 23:30:09.163,1878
2025-12-03 23:30:08.878,1947
2025-12-03 23:28:48.643,7888
2025-12-03 23:28:46.667,2781
2025-12-03 23:28:46.525,3540
2025-12-03 23:25:19.484,2328
2025-12-03 23:25:19.305,2277
2025-12-03 23:22:54.479,6250
2025-12-03 23:22:54.006,5217
2025-12-03 23:19:25.722,7792
2025-12-03 23:19:21.797,4404
2025-12-03 23:19:20.308,1756
2025-12-03 23:17:16.748,4965
2025-12-03 23:13:01.693,8007
2025-12-03 23:12:59.325,2608
2025-12-03 23:12:59.278,8267
2025-12-03 23:12:58.090,4417
2025-12-03 23:11:44.788,8172
2025-12-03 23:11:43.672,1993
2025-12-03 23:10:10.499,4952
2025-12-03 23:10:04.811,4728
2025-12-03 23:07:11.006,2450
2025-12-03 23:07:10.714,2498
2025-12-03 23:06:53.407,6338
2025-12-03 23:06:53.397,4320
2025-12-03 23:04:47.420,7270
2025-12-03 23:04:41.079,4237
2025-12-03 23:04:36.494,5100
2025-12-03 22:55:53.135,8036
2025-12-03 22:55:52.609,7752
2025-12-03 22:54:13.739,3926
2025-12-03 22:54:10.652,4252
2025-12-03 22:53:51.657,2321
2025-12-03 22:50:01.178,1580
2025-12-03 22:49:08.106,2237
2025-12-03 22:49:07.884,1843
2025-12-03 22:48:03.904,3854
2025-12-03 22:47:59.726,4099
2025-12-03 22:46:45.335,5553
2025-12-03 22:46:45.048,2160
2025-12-03 22:40:58.341,15783
2025-12-03 22:40:58.141,6483
2025-12-03 22:30:35.435,2300
2025-12-03 22:30:35.200,2327
2025-12-03 22:27:54.451,2963
2025-12-03 22:27:54.112,2786
2025-12-03 22:27:33.138,1549
2025-12-03 22:27:26.690,2048
2025-12-03 22:26:40.486,3952
2025-12-03 22:26:40.187,3571
2025-12-03 22:24:17.918,2314
2025-12-03 22:24:17.287,2450
2025-12-03 22:22:08.658,4922
2025-12-03 22:22:08.478,5383
2025-12-03 22:19:53.142,2501
2025-12-03 22:19:53.043,2706
2025-12-03 22:19:16.787,4859
2025-12-03 22:19:09.370,8435
2025-12-03 22:17:04.592,5068
2025-12-03 22:16:56.539,4687
2025-12-03 22:16:36.671,4017
2025-12-03 22:16:30.201,4282
2025-12-03 22:16:29.338,2813
2025-12-03 22:06:52.843,4662
2025-12-03 22:06:52.090,4832
2025-12-03 22:01:53.713,2807
2025-12-03 22:01:52.501,4025
2025-12-03 21:54:33.366,1323
2025-12-03 21:54:18.216,2002
2025-12-03 21:54:17.752,2294
2025-12-03 21:51:56.749,1297
2025-12-03 21:51:55.316,1465
2025-12-03 21:51:25.809,4018
2025-12-03 21:51:22.798,4289
2025-12-03 21:50:24.222,1950
2025-12-03 21:50:21.799,2167
2025-12-03 21:48:40.081,7155
2025-12-03 21:48:39.511,8111
2025-12-03 21:45:21.580,2147
2025-12-03 21:45:20.579,4257
2025-12-03 21:42:12.894,2270
2025-12-03 21:40:32.154,1879
2025-12-03 21:40:31.885,3757
2025-12-03 21:40:23.055,2846
2025-12-03 21:40:21.618,3834
2025-12-03 21:40:11.272,1216
2025-12-03 21:38:44.191,4386
2025-12-03 21:38:44.048,4984
2025-12-03 21:36:54.039,3415
2025-12-03 21:36:53.815,2724
2025-12-03 21:32:18.200,1747
2025-12-03 21:32:17.984,2228
2025-12-03 21:31:43.929,1596
2025-12-03 21:31:42.702,1744
2025-12-03 21:29:23.065,6874
2025-12-03 21:28:37.626,5282
2025-12-03 21:28:35.612,11717
2025-12-03 21:28:33.153,4977
2025-12-03 21:28:31.016,5497
2025-12-03 21:27:13.133,5276
2025-12-03 21:27:08.100,6034
2025-12-03 21:25:57.755,1709
2025-12-03 21:24:03.429,1466
2025-12-03 21:23:45.222,7023
2025-12-03 21:23:19.947,2286
2025-12-03 21:21:31.462,1704
2025-12-03 21:21:15.579,1652
2025-12-03 21:21:13.321,1294
2025-12-03 21:21:09.417,1650
2025-12-03 21:18:55.177,3564
2025-12-03 21:17:07.508,3858
2025-12-03 21:17:07.451,3147
2025-12-03 21:12:15.158,4131
2025-12-03 21:12:14.681,4395
2025-12-03 21:11:51.397,3469
2025-12-03 21:11:50.880,4256
2025-12-03 21:10:49.540,6132
2025-12-03 21:10:48.101,5831
2025-12-03 21:07:26.420,1568
2025-12-03 21:07:24.639,1963
2025-12-03 21:05:06.977,3712
2025-12-03 21:05:06.904,4317
2025-12-03 21:03:59.998,6628
2025-12-03 21:03:44.632,2208
2025-12-03 21:03:44.257,2393
2025-12-03 21:02:12.686,3734
2025-12-03 21:02:11.222,3820
2025-12-03 21:01:37.200,4236
2025-12-03 21:01:35.830,3958
2025-12-03 20:59:32.282,4140
2025-12-03 20:59:28.002,4328
2025-12-03 20:58:30.383,3414
2025-12-03 20:58:30.085,2854
2025-12-03 20:58:17.898,6636
2025-12-03 20:58:17.052,3597
2025-12-03 20:54:09.702,2289
2025-12-03 20:49:35.408,3799
2025-12-03 20:49:35.007,2969
2025-12-03 20:49:00.442,3743
2025-12-03 20:48:55.729,4357
2025-12-03 20:47:36.698,2420
2025-12-03 20:47:36.257,2009
2025-12-03 20:47:03.071,3878
2025-12-03 20:47:00.885,4030
2025-12-03 20:46:36.909,2558
2025-12-03 20:46:36.718,2128
2025-12-03 20:45:06.346,5048
2025-12-03 20:45:05.002,5099
2025-12-03 20:44:00.084,1728
2025-12-03 20:43:59.165,1796
2025-12-03 20:43:54.859,4733
2025-12-03 20:43:52.915,4786