Timestamp,hash-rate
2009-01-10 00:00:00,1.0652200634920637e-7
2009-01-13 00:00:00,0.0000017043521015873019
2009-01-16 00:00:00,0.0000043176919906878315
2009-01-19 00:00:00,0.0000055533472643386245
2009-01-22 00:00:00,0.000005681173671957674
2009-01-25 00:00:00,0.000005610159001058201
2009-01-28 00:00:00,0.000006156971966984127
2009-01-31 00:00:00,0.0000068032054721693124
2009-02-03 00:00:00,0.0000058303044808465595
2009-02-06 00:00:00,0.000006199580769523809
2009-02-09 00:00:00,0.000006362914512592591
2009-02-12 00:00:00,0.000006362914512592591
2009-02-15 00:00:00,0.0000064126247822222205
2009-02-18 00:00:00,0.000006227986637883597
2009-02-21 00:00:00,0.0000061995807695238085
2009-02-24 00:00:00,0.000005858710349206349
2009-02-27 00:00:00,0.000005539144330158728
2009-03-02 00:00:00,0.000005340303251640207
2009-03-05 00:00:00,0.0000052763900478306835
2009-03-08 00:00:00,0.0000053758105870899445
2009-03-11 00:00:00,0.000005475231126349206
2009-03-14 00:00:00,0.000005546245797248677
2009-03-17 00:00:00,0.000005695376606137565
2009-03-20 00:00:00,0.000005809000079576719
2009-03-23 00:00:00,0.000005446825257989416
2009-03-26 00:00:00,0.000005432622323809521
2009-03-29 00:00:00,0.0000056101590010582
2009-04-01 01:00:00,0.000005737985408677249
2009-04-04 01:00:00,0.000005745086875767196
2009-04-07 01:00:00,0.000005752188342857143
2009-04-10 01:00:00,0.000005482332593439152
2009-04-13 01:00:00,0.0000053758105870899445
2009-04-16 01:00:00,0.000005631463402328041
2009-04-19 01:00:00,0.000005887116217566137
2009-04-22 01:00:00,0.000005901319151746031
2009-04-25 01:00:00,0.000005645666336507936
2009-04-28 01:00:00,0.000005489434060529098
2009-05-01 01:00:00,0.000005830304480846558
2009-05-04 01:00:00,0.000005943927954285711
2009-05-07 01:00:00,0.000006270595440423277
2009-05-10 01:00:00,0.000005958130888465606
2009-05-13 01:00:00,0.0000055320428630687815
2009-05-16 01:00:00,0.0000056101590010582
2009-05-19 01:00:00,0.000006256392506243384
2009-05-22 01:00:00,0.0000056740722048677226
2009-05-25 01:00:00,0.000004282184655238092
2009-05-28 01:00:00,0.000004438416931216929
2009-05-31 01:00:00,0.000005390013521269838
2009-06-03 01:00:00,0.000005098853370582007
2009-06-06 01:00:00,0.000004097546510899468
2009-06-09 01:00:00,0.0000027198618954497317
2009-06-12 01:00:00,0.000003032326447407403
2009-06-15 01:00:00,0.000004097546510899466
2009-06-18 01:00:00,0.000003976821570370366
2009-06-21 01:00:00,0.000003934212767830683
2009-06-24 01:00:00,0.000003976821570370366
2009-06-27 01:00:00,0.000003998125971640207
2009-06-30 01:00:00,0.000003806386360211637
2009-07-03 01:00:00,0.000003856096629841267
2009-07-06 01:00:00,0.000004047836241269838
2009-07-09 01:00:00,0.000003955517169100526
2009-07-12 01:00:00,0.0000039768215703703676
2009-07-15 01:00:00,0.000003905806899470895
2009-07-18 01:00:00,0.000003465515939894175
2009-07-21 01:00:00,0.000002712760428359783
2009-07-24 01:00:00,0.00000286899270433862
2009-07-27 01:00:00,0.000003018123513227508
2009-07-30 01:00:00,0.0000024642090802116362
2009-08-02 01:00:00,0.0000014344963521693078
2009-08-05 01:00:00,0.0000013066699445502603
2009-08-08 01:00:00,0.0000027482677638095184
2009-08-11 01:00:00,0.000004125952379259253
2009-08-14 01:00:00,0.0000039200098336507866
2009-08-17 01:00:00,0.0000029968191119576667
2009-08-20 01:00:00,0.0000017469609041269802
2009-08-23 01:00:00,8.095672482539633e-7
2009-08-26 01:00:00,9.800024584126935e-7
2009-08-29 01:00:00,0.0000015552212926984078
2009-09-01 01:00:00,0.000003252471927195763
2009-09-04 01:00:00,0.00000382058929439153
2009-09-07 01:00:00,0.0000036004438146031685
2009-09-10 01:00:00,0.000003323486598095234
2009-09-13 01:00:00,0.0000033660954006349157
2009-09-16 01:00:00,0.000003302182196825392
2009-09-19 01:00:00,0.00000355073354497354
2009-09-22 01:00:00,0.0000035649364791534343
2009-09-25 01:00:00,0.000003181457256296291
2009-09-28 01:00:00,0.0000035507335449735397
2009-10-01 01:00:00,0.000004424213997037033
2009-10-04 01:00:00,0.000004012328905820102
2009-10-07 01:00:00,0.0000033021821968253935
2009-10-10 01:00:00,0.0000029613117765079325
2009-10-13 01:00:00,0.0000032524719271957626
2009-10-16 01:00:00,0.000003465515939894176
2009-10-19 01:00:00,0.0000031104425853968223
2009-10-22 01:00:00,0.000003991024504550261
2009-10-25 01:00:00,0.000004296387589417985
2009-10-28 00:00:00,0.0000037992848931216893
2009-10-31 00:00:00,0.000003224066058835975
2009-11-03 00:00:00,0.0000024784120143915304
2009-11-06 00:00:00,0.0000024997164156613717
2009-11-09 00:00:00,0.000002918702973968249
2009-11-12 00:00:00,0.0000032950807297354434
2009-11-15 00:00:00,0.0000035365306107936434
2009-11-18 00:00:00,0.000004111749445079357
2009-11-21 00:00:00,0.000004289286122328036
2009-11-24 00:00:00,0.000004246677319788354
2009-11-27 00:00:00,0.000004402909595767188
2009-11-30 00:00:00,0.000004062039175449729
2009-12-03 00:00:00,0.0000037424731564021096
2009-12-06 00:00:00,0.0000034229071373544907
2009-12-09 00:00:00,0.000004275083188148142
2009-12-12 00:00:00,0.000004914215226243378
2009-12-15 00:00:00,0.000005354506185820097
2009-12-18 00:00:00,0.000005922623553015866
2009-12-21 00:00:00,0.000007832918200211631
2009-12-24 00:00:00,0.0000090046602700529
2009-12-27 00:00:00,0.000008116976883809518
2009-12-30 00:00:00,0.000007811613798941793
2010-01-02 00:00:00,0.000008044061164962121
2010-01-05 00:00:00,0.000008792133081933148
2010-01-08 00:00:00,0.000009467163022068197
2010-01-11 00:00:00,0.000010113987824818193
2010-01-14 00:00:00,0.000009739843607154376
2010-01-17 00:00:00,0.000009867538674135241
2010-01-20 00:00:00,0.000008878605835164385
2010-01-23 00:00:00,0.000009026891527609728
2010-01-26 00:00:00,0.000010121348438284244
2010-01-29 00:00:00,0.000011340670567432433
2010-02-01 00:00:00,0.000012734323168148333
2010-02-04 00:00:00,0.000012562495719102858
2010-02-07 00:00:00,0.00001518648707004803
2010-02-10 00:00:00,0.000018253511800987963
2010-02-13 00:00:00,0.00001733202760046215
2010-02-16 00:00:00,0.000018341099785291205
2010-02-19 00:00:00,0.000022706083314683202
2010-02-22 00:00:00,0.000025777133035741302
2010-02-25 00:00:00,0.00002933524196126286
2010-02-28 00:00:00,0.00003121062535064865
2010-03-03 00:00:00,0.00003289360202389796
2010-03-06 00:00:00,0.00003281304626383943
2010-03-09 00:00:00,0.000032758596059098747
2010-03-12 00:00:00,0.00003288904240182143
2010-03-15 00:00:00,0.00003153378137138713
2010-03-18 00:00:00,0.00002992491497488779
2010-03-21 00:00:00,0.000031855554650687
2010-03-24 00:00:00,0.0000376755730451479
2010-03-27 00:00:00,0.0000424112555012365
2010-03-30 01:00:00,0.0000427935475017676
2010-04-02 01:00:00,0.0000461956912802697
2010-04-05 01:00:00,0.000048687185591489344
2010-04-08 01:00:00,0.00005069214979220306
2010-04-11 01:00:00,0.0000554026735154342
2010-04-14 01:00:00,0.00006633054563085709
2010-04-17 01:00:00,0.00007567708558221802
2010-04-20 01:00:00,0.00008135442541261119
2010-04-23 01:00:00,0.00008771246358593417
2010-04-26 01:00:00,0.00008805595161319243
2010-04-29 01:00:00,0.00009427678830307457
2010-05-02 01:00:00,0.00009435820176447616
2010-05-05 01:00:00,0.00009164743883699296
2010-05-08 01:00:00,0.00009105324907238922
2010-05-11 01:00:00,0.00008987933048811879
2010-05-14 01:00:00,0.0000843131993614434
2010-05-17 01:00:00,0.00007527964228700304
2010-05-20 01:00:00,0.00008449569546395744
2010-05-23 01:00:00,0.00009912172484974922
2010-05-26 01:00:00,0.00011405039153088648
2010-05-29 01:00:00,0.00012097261185830104
2010-06-01 01:00:00,0.00012975954946003378
2010-06-04 01:00:00,0.00012735581933487862
2010-06-07 01:00:00,0.00011778380113991104
2010-06-10 01:00:00,0.00012462895190756118
2010-06-13 01:00:00,0.00013044555393005433
2010-06-16 01:00:00,0.0001383942676078642
2010-06-19 01:00:00,0.00013380252768420135
2010-06-22 01:00:00,0.00013911019252776282
2010-06-25 01:00:00,0.00014481110324284695
2010-06-28 01:00:00,0.00015100458123811923
2010-07-01 01:00:00,0.00016040213620528598
2010-07-04 01:00:00,0.0001722531531414153
2010-07-07 01:00:00,0.00018361713991378543
2010-07-10 01:00:00,0.00018909670542399453
2010-07-13 01:00:00,0.0002593523509672472
2010-07-16 01:00:00,0.0008051616205265382
2010-07-19 01:00:00,0.0019491891674936978
2010-07-22 01:00:00,0.002140111333400446
2010-07-25 01:00:00,0.0016618093426223942
2010-07-28 01:00:00,0.0019047134581419468
2010-07-31 01:00:00,0.0020531832985900425
2010-08-03 01:00:00,0.002355141602406314
2010-08-06 01:00:00,0.002681184769749751
2010-08-09 01:00:00,0.002892421959144732
2010-08-12 01:00:00,0.0031941166587798934
2010-08-15 01:00:00,0.0037537927160652264
2010-08-18 01:00:00,0.004180413308529621
2010-08-21 01:00:00,0.0041489626631502656
2010-08-24 01:00:00,0.004255815548815174
2010-08-27 01:00:00,0.005113520475818061
2010-08-30 01:00:00,0.005394517294354859
2010-09-02 01:00:00,0.005249309735002596
2010-09-05 01:00:00,0.005082152352823436
2010-09-08 01:00:00,0.005082152352823436
2010-09-11 01:00:00,0.00532586033240637
2010-09-14 01:00:00,0.005644936680612474
2010-09-17 01:00:00,0.006343348090886248
2010-09-20 01:00:00,0.0073931772101341765
2010-09-23 01:00:00,0.008280541207612206
2010-09-26 01:00:00,0.009327179013800525
2010-09-29 01:00:00,0.009672630088385729
2010-10-02 01:00:00,0.009998576108157785
2010-10-05 01:00:00,0.009442610182379059
2010-10-08 01:00:00,0.009252118060100649
2010-10-11 01:00:00,0.010132380304685117
2010-10-14 01:00:00,0.010879755553415419
2010-10-17 01:00:00,0.01240362426332092
2010-10-20 01:00:00,0.01537384003262443
2010-10-23 01:00:00,0.018211427443805318
2010-10-26 01:00:00,0.01930343051221783
2010-10-29 01:00:00,0.02128938473371944
2010-11-01 00:00:00,0.02465964315385044
2010-11-04 00:00:00,0.026755619597119217
2010-11-07 00:00:00,0.02966237736812491
2010-11-10 00:00:00,0.03675720120436911
2010-11-13 00:00:00,0.04254216692981109
2010-11-16 00:00:00,0.0487731567447337
2010-11-19 00:00:00,0.04970738497828542
2010-11-22 00:00:00,0.04976277428941365
2010-11-25 00:00:00,0.052604858198255965
2010-11-28 00:00:00,0.056664993637722545
2010-12-01 00:00:00,0.06573740322878349
2010-12-04 00:00:00,0.07164454888223595
2010-12-07 00:00:00,0.08427217848460254
2010-12-10 00:00:00,0.09195936154582565
2010-12-13 00:00:00,0.09788371188271906
2010-12-16 00:00:00,0.10047886079607618
2010-12-19 00:00:00,0.10310350010494204
2010-12-22 00:00:00,0.1075408659322434
2010-12-25 00:00:00,0.1071203266653641
2010-12-28 00:00:00,0.11187337004694561
2010-12-31 00:00:00,0.11530471741606932
2011-01-03 00:00:00,0.12178482196309202
2011-01-06 00:00:00,0.12295751877285846
2011-01-09 00:00:00,0.1272569941367796
2011-01-12 00:00:00,0.12900856701216218
2011-01-15 00:00:00,0.13885212912709374
2011-01-18 00:00:00,0.14749893010555376
2011-01-21 00:00:00,0.15357242772192217
2011-01-24 00:00:00,0.15528810929240014
2011-01-27 00:00:00,0.15856146741407812
2011-01-30 00:00:00,0.16572441710904867
2011-02-02 00:00:00,0.17653750813635027
2011-02-05 00:00:00,0.17883031067973956
2011-02-08 00:00:00,0.19446233084405257
2011-02-11 00:00:00,0.21830039230416146
2011-02-14 00:00:00,0.24064142870660657
2011-02-17 00:00:00,0.2590261934781887
2011-02-20 00:00:00,0.29959669954347357
2011-02-23 00:00:00,0.34017995077385005
2011-02-26 00:00:00,0.3731018281134246
2011-03-01 00:00:00,0.4685931451535433
2011-03-04 00:00:00,0.4856543018411199
2011-03-07 00:00:00,0.5459629456636573
2011-03-10 00:00:00,0.6164523364390773
2011-03-13 00:00:00,0.5726000381572202
2011-03-16 00:00:00,0.47723201209563254
2011-03-19 00:00:00,0.4788552502320124
2011-03-22 00:00:00,0.4875125202927042
2011-03-25 00:00:00,0.5156486479899524
2011-03-28 01:00:00,0.5460359578851073
2011-03-31 01:00:00,0.5456088645050555
2011-04-03 01:00:00,0.5838934132467589
2011-04-06 01:00:00,0.6225910471783813
2011-04-09 01:00:00,0.6287465999294106
2011-04-12 01:00:00,0.647467219438023
2011-04-15 01:00:00,0.6830170617890744
2011-04-18 01:00:00,0.6812627371440682
2011-04-21 01:00:00,0.6652195386031396
2011-04-24 01:00:00,0.7264473346421355
2011-04-27 01:00:00,0.7810618231767925
2011-04-30 01:00:00,0.8263122562575635
2011-05-03 01:00:00,0.9232774460793437
2011-05-06 01:00:00,1.051478516297838
2011-05-09 01:00:00,1.1082592126308077
2011-05-12 01:00:00,1.2901019680834163
2011-05-15 01:00:00,1.4722499703691792
2011-05-18 01:00:00,1.6902457444311663
2011-05-21 01:00:00,2.0916245378691234
2011-05-24 01:00:00,2.598869617733605
2011-05-27 01:00:00,3.2469518829809516
2011-05-30 01:00:00,3.67349153963795
2011-06-02 01:00:00,3.6611539439962955
2011-06-05 01:00:00,3.90047872908568
2011-06-08 01:00:00,4.7607425337761935
2011-06-11 01:00:00,5.499008107004173
2011-06-14 01:00:00,6.062811078865173
2011-06-17 01:00:00,7.705129377365814
2011-06-20 01:00:00,8.644156779775026
2011-06-23 01:00:00,9.559463434228777
2011-06-26 01:00:00,11.240486395744622
2011-06-29 01:00:00,11.576946991870843
2011-07-02 01:00:00,11.331991962913543
2011-07-05 01:00:00,11.65520348821703
2011-07-08 01:00:00,11.166740299534288
2011-07-11 01:00:00,11.106488198983916
2011-07-14 01:00:00,11.776879179465519
2011-07-17 01:00:00,12.143172311343335
2011-07-20 01:00:00,12.687062113222504
2011-07-23 01:00:00,12.45482359540666
2011-07-26 01:00:00,12.855571652689804
2011-07-29 01:00:00,13.652915100919374
2011-08-01 01:00:00,13.857048396183773
2011-08-04 01:00:00,14.232809239908475
2011-08-07 01:00:00,13.767242476971232
2011-08-10 01:00:00,12.675433013454585
2011-08-13 01:00:00,12.782738266478528
2011-08-16 01:00:00,12.943696146014487
2011-08-19 01:00:00,12.613399207187244
2011-08-22 01:00:00,12.858922587096172
2011-08-25 01:00:00,13.592512566270488
2011-08-28 01:00:00,13.27193443970749
2011-08-31 01:00:00,12.028091308643107
2011-09-03 01:00:00,12.287055727826337
2011-09-06 01:00:00,12.87016799910685
2011-09-09 01:00:00,12.700555819144848
2011-09-12 01:00:00,12.586932556349302
2011-09-15 01:00:00,12.146189727010745
2011-09-18 01:00:00,11.944308251326174
2011-09-21 01:00:00,12.179374952927116
2011-09-24 01:00:00,12.254171523774145
2011-09-27 01:00:00,12.141976667503588
2011-09-30 01:00:00,11.655237542660002
2011-10-03 01:00:00,11.347533030673414
2011-10-06 01:00:00,11.049009216586885
2011-10-09 01:00:00,11.013018958552417
2011-10-12 01:00:00,10.485161840713301
2011-10-15 01:00:00,9.82534044341441
2011-10-18 01:00:00,9.317272701017957
2011-10-21 01:00:00,9.300634480621946
2011-10-24 01:00:00,8.466189304511873
2011-10-27 01:00:00,8.361925889431673
2011-10-30 01:00:00,8.37235223093969
2011-11-02 00:00:00,8.32725229251725
2011-11-05 00:00:00,8.526276317127564
2011-11-08 00:00:00,8.512159883134881
2011-11-11 00:00:00,8.72581851473967
2011-11-14 00:00:00,8.409603739964579
2011-11-17 00:00:00,8.445602465262771
2011-11-20 00:00:00,8.439707497531762
2011-11-23 00:00:00,7.9265005813622125
2011-11-26 00:00:00,7.621635174386742
2011-11-29 00:00:00,7.39298611915514
2011-12-02 00:00:00,7.932839134788684
2011-12-05 00:00:00,8.230114335065688
2011-12-08 00:00:00,8.481521249478806
2011-12-11 00:00:00,8.249150804287602
2011-12-14 00:00:00,7.9362833840583695
2011-12-17 00:00:00,7.642399829239243
2011-12-20 00:00:00,7.9071779144844045
2011-12-23 00:00:00,8.16965684940505
2011-12-26 00:00:00,8.505957984772126
2011-12-29 00:00:00,8.844789593815593
2012-01-01 00:00:00,8.917107933413472
2012-01-04 00:00:00,8.58316359954815
2012-01-07 00:00:00,9.019735260561635
2012-01-10 00:00:00,9.461307725013755
2012-01-13 00:00:00,9.768831316260558
2012-01-16 00:00:00,9.388501173564086
2012-01-19 00:00:00,9.37961895864113
2012-01-22 00:00:00,9.406265603410004
2012-01-25 00:00:00,9.333958282281818
2012-01-28 00:00:00,9.576555798470467
2012-01-31 00:00:00,9.686121881783322
2012-02-03 00:00:00,10.020446318738449
2012-02-06 00:00:00,10.201525979451663
2012-02-09 00:00:00,10.08324074275993
2012-02-12 00:00:00,9.679950634686362
2012-02-15 00:00:00,9.836710968851333
2012-02-18 00:00:00,9.738735759998226
2012-02-21 00:00:00,10.05485599511255
2012-02-24 00:00:00,10.494780658121597
2012-02-27 00:00:00,10.389512472671205
2012-03-01 00:00:00,11.005259684127727
2012-03-04 00:00:00,10.517507284680345
2012-03-07 00:00:00,10.380180397562624
2012-03-10 00:00:00,10.630744226929325
2012-03-13 00:00:00,11.630034184260682
2012-03-16 00:00:00,11.268588880545078
2012-03-19 00:00:00,11.262359104582533
2012-03-22 00:00:00,11.362408739244291
2012-03-25 00:00:00,11.512575333499447
2012-03-28 01:00:00,11.565775774042418
2012-03-31 01:00:00,11.82900503977281
2012-04-03 01:00:00,11.687124826239225
2012-04-06 01:00:00,11.296795865307033
2012-04-09 01:00:00,10.580639072209854
2012-04-12 01:00:00,11.054226628935412
2012-04-15 01:00:00,11.230435127292177
2012-04-18 01:00:00,10.540588349718032
2012-04-21 01:00:00,10.73486966036565
2012-04-24 01:00:00,11.418405202413993
2012-04-27 01:00:00,11.36237769896741
2012-04-30 01:00:00,11.170240345434607
2012-05-03 01:00:00,11.965216917505819
2012-05-06 01:00:00,12.266613895083912
2012-05-09 01:00:00,12.427311893709483
2012-05-12 01:00:00,12.643426184799896
2012-05-15 01:00:00,12.368565671816183
2012-05-18 01:00:00,11.028251243200405
2012-05-21 01:00:00,11.520583887986163
2012-05-24 01:00:00,11.32365083007187
2012-05-27 01:00:00,10.79952111568779
2012-05-30 01:00:00,10.935916830795733
2012-06-02 01:00:00,11.18597681440548
2012-06-05 01:00:00,11.502347875823009
2012-06-08 01:00:00,11.830017903719737
2012-06-11 01:00:00,12.037097903264025
2012-06-14 01:00:00,12.011524922557523
2012-06-17 01:00:00,12.265987950842174
2012-06-20 01:00:00,12.69321759532613
2012-06-23 01:00:00,12.334991206213417
2012-06-26 01:00:00,12.51723202067376
2012-06-29 01:00:00,12.763862978263031
2012-07-02 01:00:00,12.481856399492573
2012-07-05 01:00:00,12.534480552513617
2012-07-08 01:00:00,13.14301116928896
2012-07-11 01:00:00,13.544869552321574
2012-07-14 01:00:00,13.544869552321575
2012-07-17 01:00:00,13.010039992404378
2012-07-20 01:00:00,13.79249216082005
2012-07-23 01:00:00,13.756259387924418
2012-07-26 01:00:00,13.73126462090366
2012-07-29 01:00:00,14.844610400976931
2012-08-01 01:00:00,15.401451051586545
2012-08-04 01:00:00,15.543241904864987
2012-08-07 01:00:00,14.998496759650218
2012-08-10 01:00:00,15.72166439512033
2012-08-13 01:00:00,16.239378176441402
2012-08-16 01:00:00,17.16315850909434
2012-08-19 01:00:00,17.129757206272657
2012-08-22 01:00:00,17.798766797434983
2012-08-25 01:00:00,17.829883522605343
2012-08-28 01:00:00,18.031951319955372
2012-08-31 01:00:00,18.54599769402943
2012-09-03 01:00:00,18.75337888974597
2012-09-06 01:00:00,19.152018182226687
2012-09-09 01:00:00,20.637486812577997
2012-09-12 01:00:00,21.35228907868737
2012-09-15 01:00:00,19.954355670345272
2012-09-18 01:00:00,20.566569842398057
2012-09-21 01:00:00,20.992844131836026
2012-09-24 01:00:00,22.132290058647282
2012-09-27 01:00:00,21.94642792222307
2012-09-30 01:00:00,21.80405072532265
2012-10-03 01:00:00,21.437937933292996
2012-10-06 01:00:00,21.135591569257457
2012-10-09 01:00:00,21.26974887681514
2012-10-12 01:00:00,21.974337233782958
2012-10-15 01:00:00,22.4081839708764
2012-10-18 01:00:00,22.208977931245027
2012-10-21 01:00:00,22.63454363415556
2012-10-24 01:00:00,22.996163219837083
2012-10-27 01:00:00,22.996163219837065
2012-10-30 00:00:00,23.93433686163308
2012-11-02 00:00:00,24.456806621414565
2012-11-05 00:00:00,23.88593547708805
2012-11-08 00:00:00,24.14628574544725
2012-11-11 00:00:00,25.178779985291435
2012-11-14 00:00:00,24.36685165084413
2012-11-17 00:00:00,23.55039313762543
2012-11-20 00:00:00,23.444725202546017
2012-11-23 00:00:00,24.497345517762376
2012-11-26 00:00:00,24.664807840637703
2012-11-29 00:00:00,25.956520871232186
2012-12-02 00:00:00,26.182662731194004
2012-12-05 00:00:00,25.276044264100573
2012-12-08 00:00:00,23.420025554852618
2012-12-11 00:00:00,22.101275419334318
2012-12-14 00:00:00,22.78033607116103
2012-12-17 00:00:00,21.3459510760655
2012-12-20 00:00:00,20.774048096928446
2012-12-23 00:00:00,21.133046623949102
2012-12-26 00:00:00,21.635644561778033
2012-12-29 00:00:00,23.309716644502128
2013-01-01 00:00:00,23.296847089742045
2013-01-04 00:00:00,23.65664675745907
2013-01-07 00:00:00,22.85257468520197
2013-01-10 00:00:00,22.475567955692554
2013-01-13 00:00:00,21.861217637373823
2013-01-16 00:00:00,21.299673585170314
2013-01-19 00:00:00,20.607376502228682
2013-01-22 00:00:00,21.16121416858198
2013-01-25 00:00:00,22.01504723754331
2013-01-28 00:00:00,22.1280258041677
2013-01-31 00:00:00,22.305395920932686
2013-02-03 00:00:00,23.42283561349563
2013-02-06 00:00:00,24.872657597110777
2013-02-09 00:00:00,25.144633562305394
2013-02-12 00:00:00,25.237755302874408
2013-02-15 00:00:00,25.005149263216577
2013-02-18 00:00:00,27.30794905582909
2013-02-21 00:00:00,29.595101305725713
2013-02-24 00:00:00,30.77256205682517
2013-02-27 00:00:00,31.294539501040965
2013-03-02 00:00:00,32.12481165972719
2013-03-05 00:00:00,33.41230617178565
2013-03-08 00:00:00,34.08914211257267
2013-03-11 00:00:00,35.360893547163656
2013-03-14 00:00:00,34.46136204464808
2013-03-17 00:00:00,38.22467565887819
2013-03-20 00:00:00,42.989023914251675
2013-03-23 00:00:00,47.85131533255679
2013-03-26 00:00:00,52.65649086106915
2013-03-29 00:00:00,53.68090656911035
2013-04-01 01:00:00,52.400309364417744
2013-04-04 01:00:00,59.67548843225432
2013-04-07 01:00:00,59.22531030867792
2013-04-10 01:00:00,60.262994467146804
2013-04-13 01:00:00,64.73359302008411
2013-04-16 01:00:00,63.807270561042515
2013-04-19 01:00:00,66.69336865081573
2013-04-22 01:00:00,68.01745473127586
2013-04-25 01:00:00,70.29492658910178
2013-04-28 01:00:00,73.92757465399642
2013-05-01 01:00:00,75.22107936937616
2013-05-04 01:00:00,73.8857531736754
2013-05-07 01:00:00,75.27739833987982
2013-05-10 01:00:00,80.35790716319875
2013-05-13 01:00:00,85.00907721271605
2013-05-16 01:00:00,86.7451090243878
2013-05-19 01:00:00,86.38343730779688
2013-05-22 01:00:00,82.703224256852
2013-05-25 01:00:00,85.56327812164227
2013-05-28 01:00:00,94.27157206955175
2013-05-31 01:00:00,99.52252389225703
2013-06-03 01:00:00,108.66058008902614
2013-06-06 01:00:00,123.88331782075822
2013-06-09 01:00:00,132.34272101304796
2013-06-12 01:00:00,136.53379666567224
2013-06-15 01:00:00,139.19354595136727
2013-06-18 01:00:00,143.4983814914287
2013-06-21 01:00:00,137.7097321140257
2013-06-24 01:00:00,149.97211993255254
2013-06-27 01:00:00,157.52566077164616
2013-06-30 01:00:00,160.35718925022599
2013-07-03 01:00:00,168.03751387262224
2013-07-06 01:00:00,175.29954315245422
2013-07-09 01:00:00,187.87505056961413
2013-07-12 01:00:00,203.8510744098401
2013-07-15 01:00:00,209.21208398452313
2013-07-18 01:00:00,218.30889074982295
2013-07-21 01:00:00,222.0247867625858
2013-07-24 01:00:00,237.86930249973366
2013-07-27 01:00:00,247.21801452814796
2013-07-30 01:00:00,249.05065184870207
2013-08-02 01:00:00,278.5726988147245
2013-08-05 01:00:00,298.2627314366096
2013-08-08 01:00:00,324.0868070225849
2013-08-11 01:00:00,355.03165698679044
2013-08-14 01:00:00,395.36638220311653
2013-08-17 01:00:00,417.64607194077456
2013-08-20 01:00:00,449.9524543737449
2013-08-23 01:00:00,479.5403463213367
2013-08-26 01:00:00,510.1153164276665
2013-08-29 01:00:00,540.642312281752
2013-09-01 01:00:00,584.5862041650807
2013-09-04 01:00:00,661.1613938480466
2013-09-07 01:00:00,725.4965436960509
2013-09-10 01:00:00,723.487776940836
2013-09-13 01:00:00,796.3840345041799
2013-09-16 01:00:00,895.8337966934439
2013-09-19 01:00:00,935.2841392249851
2013-09-22 01:00:00,1003.7840543369235
2013-09-25 01:00:00,1082.9670195794365
2013-09-28 01:00:00,1244.7440028901103
2013-10-01 01:00:00,1285.2374816335432
2013-10-04 01:00:00,1327.3843201087675
2013-10-07 01:00:00,1465.746415865673
2013-10-10 01:00:00,1563.787432295817
2013-10-13 01:00:00,1697.6924724543298
2013-10-16 01:00:00,1998.7875744573157
2013-10-19 01:00:00,2338.4042314949716
2013-10-22 01:00:00,2628.205872683148
2013-10-25 01:00:00,2810.0987232674456
2013-10-28 00:00:00,3154.2651073280254
2013-10-31 00:00:00,3374.437282351972
2013-11-03 00:00:00,3678.4224939003325
2013-11-06 00:00:00,3825.5593936563464
2013-11-09 00:00:00,3802.868954489952
2013-11-12 00:00:00,3933.3951330735413
2013-11-15 00:00:00,4295.967252239636
2013-11-18 00:00:00,4826.5324820488295
2013-11-21 00:00:00,4837.318485408744
2013-11-24 00:00:00,4981.7825932810065
2013-11-27 00:00:00,4999.095478053488
2013-11-30 00:00:00,5370.127722771562
2013-12-03 00:00:00,5747.665809673451
2013-12-06 00:00:00,6234.333071786506
2013-12-09 00:00:00,6445.325810718848
2013-12-12 00:00:00,7078.181464205418
2013-12-15 00:00:00,7626.345870173981
2013-12-18 00:00:00,8114.884684697727
2013-12-21 00:00:00,9005.070762987305
2013-12-24 00:00:00,9414.272755427746
2013-12-27 00:00:00,9731.244641570196
2013-12-30 00:00:00,9770.02459601524
2014-01-02 00:00:00,10323.519551669315
2014-01-05 00:00:00,10582.920396900516
2014-01-08 00:00:00,11760.629686481998
2014-01-11 00:00:00,12813.236259515297
2014-01-14 00:00:00,14305.126955430444
2014-01-17 00:00:00,15285.627659730502
2014-01-20 00:00:00,15605.925980390619
2014-01-23 00:00:00,15821.968929630577
2014-01-26 00:00:00,16994.944758477523
2014-01-29 00:00:00,17732.347652035136
2014-02-01 00:00:00,17822.991987249763
2014-02-04 00:00:00,19271.889063136332
2014-02-07 00:00:00,20656.480750335646
2014-02-10 00:00:00,21087.885125929508
2014-02-13 00:00:00,21315.11098354659
2014-02-16 00:00:00,22134.206951473276
2014-02-19 00:00:00,24359.788480755164
2014-02-22 00:00:00,26123.495970465363
2014-02-25 00:00:00,27225.087107952782
2014-02-28 00:00:00,27313.985351570595
2014-03-03 00:00:00,29032.720982763483
2014-03-06 00:00:00,29164.00876656257
2014-03-09 00:00:00,29671.474494862923
2014-03-12 00:00:00,31486.989372630807
2014-03-15 00:00:00,32057.976130933916
2014-03-18 00:00:00,33824.370643244554
2014-03-21 00:00:00,33714.16825697453
2014-03-24 00:00:00,36430.61869844965
2014-03-27 00:00:00,38996.44354061911
2014-03-30 00:00:00,41705.37043345701
2014-04-02 01:00:00,41778.36544537938
2014-04-05 01:00:00,44836.18623542418
2014-04-08 01:00:00,47780.199662514664
2014-04-11 01:00:00,48128.63571174965
2014-04-14 01:00:00,49108.70776622058
2014-04-17 01:00:00,52541.97140651387
2014-04-20 01:00:00,55940.889781725484
2014-04-23 01:00:00,55738.05725338113
2014-04-26 01:00:00,56994.02461229938
2014-04-29 01:00:00,57043.58463370138
2014-05-02 01:00:00,59124.327899503674
2014-05-05 01:00:00,60375.432462520854
2014-05-08 01:00:00,62954.26662221349
2014-05-11 01:00:00,63920.17143500918
2014-05-14 01:00:00,67604.47014495586
2014-05-17 01:00:00,71358.15180252657
2014-05-20 01:00:00,74314.99306149459
2014-05-23 01:00:00,76704.13835450374
2014-05-26 01:00:00,77693.3119072989
2014-05-29 01:00:00,79388.73573701018
2014-06-01 01:00:00,79597.02104263773
2014-06-04 01:00:00,86799.36343175698
2014-06-07 01:00:00,88537.81467555478
2014-06-10 01:00:00,87321.39742462565
2014-06-13 01:00:00,88915.5363535424
2014-06-16 01:00:00,95511.148909345
2014-06-19 01:00:00,105251.71695701474
2014-06-22 01:00:00,113782.95901423584
2014-06-25 01:00:00,118931.46261857284
2014-06-28 01:00:00,122564.4172644777
2014-07-01 01:00:00,124527.46991473656
2014-07-04 01:00:00,120435.86874224569
2014-07-07 01:00:00,118958.00693112356
2014-07-10 01:00:00,125885.28042711284
2014-07-13 01:00:00,128751.73842545299
2014-07-16 01:00:00,128806.15627597684
2014-07-19 01:00:00,134448.47987745813
2014-07-22 01:00:00,138379.33175975113
2014-07-25 01:00:00,133947.25351833558
2014-07-28 01:00:00,131646.20681174673
2014-07-31 01:00:00,138928.45083802432
2014-08-03 01:00:00,145962.67675063573
2014-08-06 01:00:00,142370.1587266913
2014-08-09 01:00:00,142042.10679820742
2014-08-12 01:00:00,156186.90539780844
2014-08-15 01:00:00,168551.64590601003
2014-08-18 01:00:00,166590.11386720347
2014-08-21 01:00:00,173869.3809595736
2014-08-24 01:00:00,185549.64738442973
2014-08-27 01:00:00,187620.01062273973
2014-08-30 01:00:00,191175.98555331517
2014-09-02 01:00:00,205492.28522401236
2014-09-05 01:00:00,210825.0290594278
2014-09-08 01:00:00,214261.87164215933
2014-09-11 01:00:00,212119.25292573773
2014-09-14 01:00:00,215235.78924053276
2014-09-17 01:00:00,230941.5696626661
2014-09-20 01:00:00,251183.75303059025
2014-09-23 01:00:00,256320.19037955598
2014-09-26 01:00:00,242339.08908612563
2014-09-29 01:00:00,237192.74211888437
2014-10-02 01:00:00,244492.45359017779
2014-10-05 01:00:00,247623.8573426998
2014-10-08 01:00:00,262392.6758720853
2014-10-11 01:00:00,262629.4035253776
2014-10-14 01:00:00,254597.33284852465
2014-10-17 01:00:00,258511.7331420516
2014-10-20 01:00:00,255280.33647777615
2014-10-23 01:00:00,257517.45724535154
2014-10-26 01:00:00,261957.99668838008
2014-10-29 00:00:00,269178.88971104537
2014-11-01 00:00:00,277528.21229768166
2014-11-04 00:00:00,289794.6526202308
2014-11-07 00:00:00,298142.20850664045
2014-11-10 00:00:00,290766.3525813445
2014-11-13 00:00:00,286306.5269183879
2014-11-16 00:00:00,285462.79452078935
2014-11-19 00:00:00,287993.9917135846
2014-11-22 00:00:00,281806.1040828413
2014-11-25 00:00:00,286019.93679089606
2014-11-28 00:00:00,280465.55231544265
2014-12-01 00:00:00,291626.93654024095
2014-12-04 00:00:00,285903.1497582931
2014-12-07 00:00:00,286699.9065059102
2014-12-10 00:00:00,277260.33042566705
2014-12-13 00:00:00,286100.5156178536
2014-12-16 00:00:00,289225.7446861719
2014-12-19 00:00:00,274761.5610297493
2014-12-22 00:00:00,271171.9834029166
2014-12-25 00:00:00,277685.48804549273
2014-12-28 00:00:00,297019.7954876107
2014-12-31 00:00:00,309909.3337823561
2015-01-03 00:00:00,318714.7260085566
2015-01-06 00:00:00,323459.8597767038
2015-01-09 00:00:00,316894.2242005534
2015-01-12 00:00:00,302463.70397284144
2015-01-15 00:00:00,297101.57323095674
2015-01-18 00:00:00,306288.22724892077
2015-01-21 00:00:00,312263.310981595
2015-01-24 00:00:00,303519.9382741104
2015-01-27 00:00:00,282598.2964383434
2015-01-30 00:00:00,296921.43842116377
2015-02-02 00:00:00,317069.20147820935
2015-02-05 00:00:00,315666.4982573728
2015-02-08 00:00:00,324459.4369274946
2015-02-11 00:00:00,325783.7946852596
2015-02-14 00:00:00,318705.11697598436
2015-02-17 00:00:00,324853.9349558609
2015-02-20 00:00:00,338744.67658662656
2015-02-23 00:00:00,345058.6500551564
2015-02-26 00:00:00,338305.85808544967
2015-03-01 00:00:00,335436.4235284754
2015-03-04 00:00:00,347109.3574442462
2015-03-07 00:00:00,337495.05814540834
2015-03-10 00:00:00,336202.54370972834
2015-03-13 00:00:00,346865.67913485935
2015-03-16 00:00:00,337478.8310799632
2015-03-19 00:00:00,326027.453578248
2015-03-22 00:00:00,333100.36321166024
2015-03-25 00:00:00,342699.2978060493
2015-03-28 00:00:00,361125.72885981074
2015-03-31 01:00:00,363944.16603336256
2015-04-03 01:00:00,349346.5878150692
2015-04-06 01:00:00,346632.80941706506
2015-04-09 01:00:00,345894.12911241356
2015-04-12 01:00:00,344119.0778654283
2015-04-15 01:00:00,342714.5102006714
2015-04-18 01:00:00,339554.2329549686
2015-04-21 01:00:00,346928.21319494204
2015-04-24 01:00:00,348565.8874031984
2015-04-27 01:00:00,350074.04970103607
2015-04-30 01:00:00,333033.2841708256
2015-05-03 01:00:00,338104.8570262188
2015-05-06 01:00:00,331409.44537612674
2015-05-09 01:00:00,346053.3452830632
2015-05-12 01:00:00,341721.403307448
2015-05-15 01:00:00,342398.0793536015
2015-05-18 01:00:00,365143.5210582899
2015-05-21 01:00:00,350303.9654659398
2015-05-24 01:00:00,347644.5787043501
2015-05-27 01:00:00,338632.8548296611
2015-05-30 01:00:00,337593.0405364279
2015-06-02 01:00:00,338632.85482966143
2015-06-05 01:00:00,341152.73551492824
2015-06-08 01:00:00,351645.17658567725
2015-06-11 01:00:00,362626.69722581486
2015-06-14 01:00:00,363978.520887421
2015-06-17 01:00:00,352646.7784105632
2015-06-20 01:00:00,362174.7751636253
2015-06-23 01:00:00,347242.6247790907
2015-06-26 01:00:00,359593.7344002983
2015-06-29 01:00:00,361711.0674782196
2015-07-02 01:00:00,354835.580269439
2015-07-05 01:00:00,361303.8832013378
2015-07-08 01:00:00,373630.5241199132
2015-07-11 01:00:00,373981.35090312443
2015-07-14 01:00:00,362611.5953885363
2015-07-17 01:00:00,363853.4614238876
2015-07-20 01:00:00,370334.19420020276
2015-07-23 01:00:00,367795.1742595551
2015-07-26 01:00:00,379982.6239220452
2015-07-29 01:00:00,386597.3152424763
2015-08-01 01:00:00,376078.94597712
2015-08-04 01:00:00,384246.50452746224
2015-08-07 01:00:00,377563.95662263676
2015-08-10 01:00:00,368785.4996865437
2015-08-13 01:00:00,388746.1136641017
2015-08-16 01:00:00,381356.8742491674
2015-08-19 01:00:00,365264.28779900644
2015-08-22 01:00:00,385847.82860735216
2015-08-25 01:00:00,399023.0436724837
2015-08-28 01:00:00,400167.10305827536
2015-08-31 01:00:00,407263.8701419768
2015-09-03 01:00:00,413043.39526225085
2015-09-06 01:00:00,415387.58116583165
2015-09-09 01:00:00,415620.8830386149
2015-09-12 01:00:00,431987.7009136632
2015-09-15 01:00:00,427538.38938739896
2015-09-18 01:00:00,429156.32085149473
2015-09-21 01:00:00,414405.2594535765
2015-09-24 01:00:00,410138.50502978667
2015-09-27 01:00:00,430216.77298296755
2015-09-30 01:00:00,448756.9669215088
2015-10-03 01:00:00,441993.62506882334
2015-10-06 01:00:00,453468.788130199
2015-10-09 01:00:00,430567.5198222158
2015-10-12 01:00:00,432294.9722588143
2015-10-15 01:00:00,429703.7936039166
2015-10-18 01:00:00,442884.8037179
2015-10-21 01:00:00,448285.7600076941
2015-10-24 01:00:00,442308.86606501107
2015-10-27 00:00:00,444903.0529627531
2015-10-30 00:00:00,451963.84968615585
2015-11-02 00:00:00,468259.4999243519
2015-11-05 00:00:00,477904.2707995149
2015-11-08 00:00:00,471272.8516857381
2015-11-11 00:00:00,457125.8242430142
2015-11-14 00:00:00,491295.5186716333
2015-11-17 00:00:00,513536.83494147164
2015-11-20 00:00:00,505496.3736733129
2015-11-23 00:00:00,527474.4768765004
2015-11-26 00:00:00,537269.345686539
2015-11-29 00:00:00,550227.343209118
2015-12-02 00:00:00,573246.6610989643
2015-12-05 00:00:00,558786.3849631345
2015-12-08 00:00:00,585252.0281460044
2015-12-11 00:00:00,634659.5167030301
2015-12-14 00:00:00,659486.2288171122
2015-12-17 00:00:00,687573.3765520828
2015-12-20 00:00:00,667413.1818131171
2015-12-23 00:00:00,684351.2456391791
2015-12-26 00:00:00,708085.3784967727
2015-12-29 00:00:00,750557.2287533741
2016-01-01 00:00:00,770515.4892291094
2016-01-04 00:00:00,739322.7070863631
2016-01-07 00:00:00,766473.2316355921
2016-01-10 00:00:00,812210.8065743857
2016-01-13 00:00:00,833604.1884005956
2016-01-16 00:00:00,826381.9910295875
2016-01-19 00:00:00,822925.0518379541
2016-01-22 00:00:00,809006.7386918638
2016-01-25 00:00:00,896749.7581121754
2016-01-28 00:00:00,928737.4309668763
2016-01-31 00:00:00,965900.4615187047
2016-02-03 00:00:00,995618.1718108045
2016-02-06 00:00:00,1052729.830638992
2016-02-09 00:00:00,1113096.3661353148
2016-02-12 00:00:00,1209706.7142473662
2016-02-15 00:00:00,1210727.4042139906
2016-02-18 00:00:00,1147274.2351004933
2016-02-21 00:00:00,1160506.344796532
2016-02-24 00:00:00,1126289.2851726362
2016-02-27 00:00:00,1122716.5967920024
2016-03-01 00:00:00,1123877.6273988197
2016-03-04 00:00:00,1141293.0865010733
2016-03-07 00:00:00,1159514.559035056
2016-03-10 00:00:00,1182661.4746346704
2016-03-13 00:00:00,1194819.639276276
2016-03-16 00:00:00,1201570.0327185164
2016-03-19 00:00:00,1156745.272431906
2016-03-22 00:00:00,1160553.647629226
2016-03-25 00:00:00,1176445.598410569
2016-03-28 01:00:00,1201126.2753003004
2016-03-31 01:00:00,1254013.4400640118
2016-04-03 01:00:00,1220341.0579831232
2016-04-06 01:00:00,1218889.9994481034
2016-04-09 01:00:00,1246504.8380707593
2016-04-12 01:00:00,1277311.9918633823
2016-04-15 01:00:00,1319607.317131885
2016-04-18 01:00:00,1313989.7857238066
2016-04-21 01:00:00,1339935.2964277354
2016-04-24 01:00:00,1320902.1246013239
2016-04-27 01:00:00,1285373.537194018
2016-04-30 01:00:00,1239654.1518400884
2016-05-03 01:00:00,1309380.4892670915
2016-05-06 01:00:00,1384198.4377660155
2016-05-09 01:00:00,1404498.3231961315
2016-05-12 01:00:00,1404003.341855049
2016-05-15 01:00:00,1410311.6758111045
2016-05-18 01:00:00,1364319.776956976
2016-05-21 01:00:00,1364319.776956976
2016-05-24 01:00:00,1477438.3024478473
2016-05-27 01:00:00,1502286.33102257
2016-05-30 01:00:00,1441462.0628728983
2016-06-02 01:00:00,1375776.66173109
2016-06-05 01:00:00,1361622.5808490815
2016-06-08 01:00:00,1452208.698493926
2016-06-11 01:00:00,1482798.3277158975
2016-06-14 01:00:00,1476356.5032597515
2016-06-17 01:00:00,1452193.6709485457
2016-06-20 01:00:00,1506494.2971872743
2016-06-23 01:00:00,1524578.422385463
2016-06-26 01:00:00,1536803.6434820157
2016-06-29 01:00:00,1499324.1103490442
2016-07-02 01:00:00,1579645.0448320284
2016-07-05 01:00:00,1574951.6271818082
2016-07-08 01:00:00,1554081.0534019496
2016-07-11 01:00:00,1551816.1359546129
2016-07-14 01:00:00,1521507.2270492485
2016-07-17 01:00:00,1524538.117939783
2016-07-20 01:00:00,1500475.0643218402
2016-07-23 01:00:00,1508326.0759691785
2016-07-26 01:00:00,1408466.1626519624
2016-07-29 01:00:00,1382692.2931524094
2016-08-01 01:00:00,1434240.0321515142
2016-08-04 01:00:00,1539535.4506946113
2016-08-07 01:00:00,1629641.01091823
2016-08-10 01:00:00,1547003.2939682815
2016-08-13 01:00:00,1491087.512258583
2016-08-16 01:00:00,1521477.1314671084
2016-08-19 01:00:00,1546812.8463101187
2016-08-22 01:00:00,1593082.7517429232
2016-08-25 01:00:00,1676441.7329387732
2016-08-28 01:00:00,1586908.0123950825
2016-08-31 01:00:00,1589814.8359045999
2016-09-03 01:00:00,1621724.9894524557
2016-09-06 01:00:00,1628830.7598156298
2016-09-09 01:00:00,1614721.5424543784
2016-09-12 01:00:00,1620992.3057260471
2016-09-15 01:00:00,1727836.8198172145
2016-09-18 01:00:00,1767828.8105885356
2016-09-21 01:00:00,1674309.4768301244
2016-09-24 01:00:00,1663083.2638628713
2016-09-27 01:00:00,1804386.9344397674
2016-09-30 01:00:00,1854675.1988884746
2016-10-03 01:00:00,1803859.5758785184
2016-10-06 01:00:00,1815851.045043903
2016-10-09 01:00:00,1891426.4062822273
2016-10-12 01:00:00,1897250.873499276
2016-10-15 01:00:00,1839562.571373267
2016-10-18 01:00:00,1734916.7963550289
2016-10-21 01:00:00,1740424.4687244084
2016-10-24 01:00:00,1820178.174170574
2016-10-27 01:00:00,1833053.4605573525
2016-10-30 01:00:00,1851491.3576252167
2016-11-02 00:00:00,1912727.453110877
2016-11-05 00:00:00,1826276.4947781826
2016-11-08 00:00:00,1800654.255308608
2016-11-11 00:00:00,1895952.1788809733
2016-11-14 00:00:00,1996227.2761553747
2016-11-17 00:00:00,2064937.9976172464
2016-11-20 00:00:00,2030505.8406368382
2016-11-23 00:00:00,1985338.1054490523
2016-11-26 00:00:00,2017209.538877899
2016-11-29 00:00:00,2119270.735785414
2016-12-02 00:00:00,2107263.5361492364
2016-12-05 00:00:00,2151639.915632281
2016-12-08 00:00:00,2208481.8450625255
2016-12-11 00:00:00,2136244.0807198593
2016-12-14 00:00:00,2282869.031922748
2016-12-17 00:00:00,2187573.2446520803
2016-12-20 00:00:00,2182935.161392176
2016-12-23 00:00:00,2262016.178870619
2016-12-26 00:00:00,2343510.4326371374
2016-12-29 00:00:00,2380918.5854491703
2017-01-01 00:00:00,2420681.793241785
2017-01-04 00:00:00,2479403.0382490805
2017-01-07 00:00:00,2443306.178729531
2017-01-10 00:00:00,2393672.996890151
2017-01-13 00:00:00,2523147.512822688
2017-01-16 00:00:00,2641887.4804168753
2017-01-19 00:00:00,2729823.9990832997
2017-01-22 00:00:00,2844663.2207800555
2017-01-25 00:00:00,2952040.6727111144
2017-01-28 00:00:00,3053427.6840616013
2017-01-31 00:00:00,3044561.7015277296
2017-02-03 00:00:00,3150605.097181306
2017-02-06 00:00:00,3113197.005316728
2017-02-09 00:00:00,3030498.4575872305
2017-02-12 00:00:00,3108957.5113852993
2017-02-15 00:00:00,3222882.666093726
2017-02-18 00:00:00,3159924.027965383
2017-02-21 00:00:00,3190296.409473513
2017-02-24 00:00:00,3147790.986611596
2017-02-27 00:00:00,3399379.7914136187
2017-03-02 00:00:00,3449462.7349335277
2017-03-05 00:00:00,3361582.2139871162
2017-03-08 00:00:00,3321030.01541913
2017-03-11 00:00:00,3344125.478047892
2017-03-14 00:00:00,3429201.077293728
2017-03-17 00:00:00,3455378.184753985
2017-03-20 00:00:00,3561598.2231778777
2017-03-23 00:00:00,3595072.830341044
2017-03-26 00:00:00,3587653.559469174
2017-03-29 01:00:00,3618057.4031934883
2017-04-01 01:00:00,3506716.603028721
2017-04-04 01:00:00,3704147.3295651013
2017-04-07 01:00:00,3672333.296482463
2017-04-10 01:00:00,3789422.1841963967
2017-04-13 01:00:00,3768133.2955211354
2017-04-16 01:00:00,3727936.320298501
2017-04-19 01:00:00,3636471.778448948
2017-04-22 01:00:00,3809461.3800021405
2017-04-25 01:00:00,3761380.799477843
2017-04-28 01:00:00,3836567.889059681
2017-05-01 01:00:00,3821883.550069876
2017-05-04 01:00:00,3881003.7613992137
2017-05-07 01:00:00,3914364.8252507835
2017-05-10 01:00:00,4073756.574763835
2017-05-13 01:00:00,4221326.561466259
2017-05-16 01:00:00,4268826.866837841
2017-05-19 01:00:00,4274860.982225618
2017-05-22 01:00:00,4274860.982225619
2017-05-25 01:00:00,4400811.960649634
2017-05-28 01:00:00,4576075.581265672
2017-05-31 01:00:00,4794765.226710832
2017-06-03 01:00:00,4837084.425534402
2017-06-06 01:00:00,5167926.409593828
2017-06-09 01:00:00,5315464.142712018
2017-06-12 01:00:00,5220268.568164632
2017-06-15 01:00:00,4969618.553811391
2017-06-18 01:00:00,4950512.1742224675
2017-06-21 01:00:00,5052025.489071213
2017-06-24 01:00:00,5145067.926988111
2017-06-27 01:00:00,4988391.005832284
2017-06-30 01:00:00,4942904.157754784
2017-07-03 01:00:00,5333067.905316561
2017-07-06 01:00:00,5535157.712196701
2017-07-09 01:00:00,5611261.893314176
2017-07-12 01:00:00,5596164.327681943
2017-07-15 01:00:00,5861899.508277555
2017-07-18 01:00:00,5848067.99578062
2017-07-21 01:00:00,6016114.579447603
2017-07-24 01:00:00,6341773.203406303
2017-07-27 01:00:00,6404619.6045211395
2017-07-30 01:00:00,6501258.798878653
2017-08-02 01:00:00,6350028.428756065
2017-08-05 01:00:00,6518130.266060152
2017-08-08 01:00:00,6646415.866423098
2017-08-11 01:00:00,6749801.502005899
2017-08-14 01:00:00,6519361.848771334
2017-08-17 01:00:00,6379288.902132113
2017-08-20 01:00:00,6812005.312759782
2017-08-23 01:00:00,6182599.624574085
2017-08-26 01:00:00,5496342.44614583
2017-08-29 01:00:00,5353592.710068663
2017-09-01 01:00:00,6118103.511203514
2017-09-04 01:00:00,6944362.851376359
2017-09-07 01:00:00,7539158.186311713
2017-09-10 01:00:00,7786592.785243903
2017-09-13 01:00:00,7745290.322226867
2017-09-16 01:00:00,7948423.993960397
2017-09-19 01:00:00,8052399.125350653
2017-09-22 01:00:00,7953567.898871058
2017-09-25 01:00:00,8039495.313184744
2017-09-28 01:00:00,8117852.967309351
2017-10-01 01:00:00,8141360.263546734
2017-10-04 01:00:00,8620716.497159895
2017-10-07 01:00:00,8093774.808395992
2017-10-10 01:00:00,8795148.10252713
2017-10-13 01:00:00,8874958.883856777
2017-10-16 01:00:00,8760461.40481069
2017-10-19 01:00:00,9245168.605723055
2017-10-22 01:00:00,10147786.813167527
2017-10-25 01:00:00,10037300.02206939
2017-10-28 01:00:00,10222239.67398939
2017-10-31 00:00:00,9904229.24221839
2017-11-03 00:00:00,9151439.670286456
2017-11-06 00:00:00,9636352.48257898
2017-11-09 00:00:00,10038726.943842974
2017-11-12 00:00:00,9438552.350897446
2017-11-15 00:00:00,8374026.663170229
2017-11-18 00:00:00,8710769.256809773
2017-11-21 00:00:00,10367656.401319752
2017-11-24 00:00:00,10571133.769943774
2017-11-27 00:00:00,10466026.600491593
2017-11-30 00:00:00,10675597.38249016
2017-12-03 00:00:00,11124893.200882027
2017-12-06 00:00:00,11660571.635318296
2017-12-09 00:00:00,12250080.260484828
2017-12-12 00:00:00,13045585.147711342
2017-12-15 00:00:00,13466860.989525383
2017-12-18 00:00:00,13817089.756870428
2017-12-21 00:00:00,14113591.517251628
2017-12-24 00:00:00,13848863.35113877
2017-12-27 00:00:00,13182080.716287086
2017-12-30 00:00:00,13807265.170036314
2018-01-02 00:00:00,14403625.439522544
2018-01-05 00:00:00,15259817.611418003
2018-01-08 00:00:00,15428139.724953618
2018-01-11 00:00:00,15592706.54868646
2018-01-14 00:00:00,16468932.151341459
2018-01-17 00:00:00,17062630.20071296
2018-01-20 00:00:00,17687863.11522236
2018-01-23 00:00:00,18921900.076749504
2018-01-26 00:00:00,19532771.52981132
2018-01-29 00:00:00,19835912.442741893
2018-02-01 00:00:00,19594807.84689165
2018-02-04 00:00:00,19890578.531373043
2018-02-07 00:00:00,21327603.83546641
2018-02-10 00:00:00,21410144.29262484
2018-02-13 00:00:00,21169737.435407598
2018-02-16 00:00:00,21822998.378448155
2018-02-19 00:00:00,22619160.152778827
2018-02-22 00:00:00,22155981.443510767
2018-02-25 00:00:00,22674608.889106598
2018-02-28 00:00:00,23129455.071288913
2018-03-03 00:00:00,23343023.446831755
2018-03-06 00:00:00,24069842.792463057
2018-03-09 00:00:00,24918422.5805921
2018-03-12 00:00:00,24840322.333639424
2018-03-15 00:00:00,24863690.463774543
2018-03-18 00:00:00,24887058.59390969
2018-03-21 00:00:00,24504394.823239304
2018-03-24 00:00:00,24653093.04215949
2018-03-27 01:00:00,24490774.31523525
2018-03-30 01:00:00,24908789.539491273
2018-04-02 01:00:00,25653102.32381051
2018-04-05 01:00:00,26526747.478073098
2018-04-08 01:00:00,27476916.425880525
2018-04-11 01:00:00,27252513.29717552
2018-04-14 01:00:00,28224926.85489724
2018-04-17 01:00:00,28081059.67228455
2018-04-20 01:00:00,29770217.79215049
2018-04-23 01:00:00,29909466.519146387
2018-04-26 01:00:00,29146052.606169093
2018-04-29 01:00:00,27778760.672412448
2018-05-02 01:00:00,28362730.68046656
2018-05-05 01:00:00,29362271.603808273
2018-05-08 01:00:00,29562209.250915933
2018-05-11 01:00:00,29676459.334977467
2018-05-14 01:00:00,30171351.48208328
2018-05-17 01:00:00,30795200.338413674
2018-05-20 01:00:00,30575293.6611207
2018-05-23 01:00:00,31340411.693064038
2018-05-26 01:00:00,32357235.30874434
2018-05-29 01:00:00,33709958.186741255
2018-06-01 01:00:00,34898238.8104217
2018-06-04 01:00:00,34255939.93661024
2018-06-07 01:00:00,36806214.50141673
2018-06-10 01:00:00,37002587.20624813
2018-06-13 01:00:00,34735390.61421154
2018-06-16 01:00:00,35226598.158250876
2018-06-19 01:00:00,37928239.65046732
2018-06-22 01:00:00,39762894.31503469
2018-06-25 01:00:00,40441645.50409455
2018-06-28 01:00:00,38798076.90988413
2018-07-01 01:00:00,37644230.75643031
2018-07-04 01:00:00,35642491.797167465
2018-07-07 01:00:00,36590525.800866805
2018-07-10 01:00:00,37975716.11703958
2018-07-13 01:00:00,39423135.58789968
2018-07-16 01:00:00,36947286.49300744
2018-07-19 01:00:00,37766752.6719309
2018-07-22 01:00:00,38873815.39954954
2018-07-25 01:00:00,42035153.3565106
2018-07-28 01:00:00,42402914.978177354
2018-07-31 01:00:00,42742938.88575507
2018-08-03 01:00:00,43330461.804432616
2018-08-06 01:00:00,45883210.79622877
2018-08-09 01:00:00,46221208.66581733
2018-08-12 01:00:00,46521092.49404175
2018-08-15 01:00:00,47856434.09623907
2018-08-18 01:00:00,48862992.05777389
2018-08-21 01:00:00,48186682.03718505
2018-08-24 01:00:00,48277429.084336035
2018-08-27 01:00:00,49000382.03378043
2018-08-30 01:00:00,51007110.45970806
2018-09-02 01:00:00,53028219.010679886
2018-09-05 01:00:00,48394221.49353039
2018-09-08 01:00:00,47988724.25098981
2018-09-11 01:00:00,49347584.82553477
2018-09-14 01:00:00,52636033.18979827
2018-09-17 01:00:00,49996152.174999416
2018-09-20 01:00:00,49447839.43928157
2018-09-23 01:00:00,51389369.56576641
2018-09-26 01:00:00,54374065.72895808
2018-09-29 01:00:00,53740253.39560951
2018-10-02 01:00:00,54756137.20270987
2018-10-05 01:00:00,54016485.12247145
2018-10-08 01:00:00,51211672.00732196
2018-10-11 01:00:00,50515184.98661472
2018-10-14 01:00:00,52041213.86551923
2018-10-17 01:00:00,52252978.72356815
2018-10-20 01:00:00,51051519.74677629
2018-10-23 01:00:00,51214865.43842773
2018-10-26 01:00:00,50090631.11163218
2018-10-29 00:00:00,49886595.95435465
2018-11-01 00:00:00,51977956.31644927
2018-11-04 00:00:00,54123853.76932581
2018-11-07 00:00:00,51832813.4970715
2018-11-10 00:00:00,47652507.45419569
2018-11-13 00:00:00,47091289.48631972
2018-11-16 00:00:00,47244348.93210407
2018-11-19 00:00:00,45715818.24939446
2018-11-22 00:00:00,42714092.64834462
2018-11-25 00:00:00,41389434.84916742
2018-11-28 00:00:00,40822456.2895898
2018-12-01 00:00:00,39499506.31724198
2018-12-04 00:00:00,37757484.09876072
2018-12-07 00:00:00,37191010.29589566
2018-12-10 00:00:00,35969936.15414296
2018-12-13 00:00:00,35005336.7349416
2018-12-16 00:00:00,37010224.2913529
2018-12-19 00:00:00,38029757.87999838
2018-12-22 00:00:00,37486502.685146056
2018-12-25 00:00:00,38725392.663230754
2018-12-28 00:00:00,41086085.89495204
2018-12-31 00:00:00,40723454.95148379
2019-01-03 00:00:00,41499587.17874795
2019-01-06 00:00:00,42762992.71688324
2019-01-09 00:00:00,42653392.38469466
2019-01-12 00:00:00,43172095.940355115
2019-01-15 00:00:00,42592390.902812645
2019-01-18 00:00:00,39460857.63369904
2019-01-21 00:00:00,40467000.623602085
2019-01-24 00:00:00,40991036.14625532
2019-01-27 00:00:00,43163853.55665825
2019-01-30 00:00:00,42667170.64818568
2019-02-02 00:00:00,42571473.898190916
2019-02-05 00:00:00,42283653.505950816
2019-02-08 00:00:00,44265699.764042266
2019-02-11 00:00:00,44881391.034194775
2019-02-14 00:00:00,44306824.507859826
2019-02-17 00:00:00,42190406.28864557
2019-02-20 00:00:00,44810549.229871765
2019-02-23 00:00:00,44380092.46493542
2019-02-26 00:00:00,42628200.62640033
2019-03-01 00:00:00,44684496.380709186
2019-03-04 00:00:00,44628180.420195125
2019-03-07 00:00:00,43291490.9583342
2019-03-10 00:00:00,42515348.6901569
2019-03-13 00:00:00,42034451.38454939
2019-03-16 00:00:00,43189370.051839
2019-03-19 00:00:00,45511523.434795454
2019-03-22 00:00:00,47450934.94480095
2019-03-25 00:00:00,47511942.708772235
2019-03-28 00:00:00,45660541.98314704
2019-03-31 00:00:00,45880050.97829993
2019-04-03 01:00:00,45891071.528827704
2019-04-06 01:00:00,45800467.24150524
2019-04-09 01:00:00,46463226.7833075
2019-04-12 01:00:00,46415319.08793086
2019-04-15 01:00:00,45082048.60023052
2019-04-18 01:00:00,45082048.60023051
2019-04-21 01:00:00,44582650.277367905
2019-04-24 01:00:00,44471034.3204465
2019-04-27 01:00:00,45158438.97473426
2019-04-30 01:00:00,46740007.61317945
2019-05-03 01:00:00,50033463.74808496
2019-05-06 01:00:00,48827339.21153391
2019-05-09 01:00:00,47908384.96530413
2019-05-12 01:00:00,45881810.26580114
2019-05-15 01:00:00,49213476.98634686
2019-05-18 01:00:00,50117786.52478069
2019-05-21 01:00:00,51172297.31357712
2019-05-24 01:00:00,52656109.68334539
2019-05-27 01:00:00,52231162.979515456
2019-05-30 01:00:00,53373868.45946839
2019-06-02 01:00:00,53764035.52740507
2019-06-05 01:00:00,51549891.83897489
2019-06-08 01:00:00,54563917.45259507
2019-06-11 01:00:00,55994233.735333
2019-06-14 01:00:00,53557398.58696468
2019-06-17 01:00:00,54248595.79111904
2019-06-20 01:00:00,56304637.07335661
2019-06-23 01:00:00,53722574.62708885
2019-06-26 01:00:00,57826747.81113677
2019-06-29 01:00:00,59739282.9536638
2019-07-02 01:00:00,59910359.24671196
2019-07-05 01:00:00,63617010.316239394
2019-07-08 01:00:00,65363801.56495811
2019-07-11 01:00:00,66436142.991435766
2019-07-14 01:00:00,64282328.423973426
2019-07-17 01:00:00,65398734.02913995
2019-07-20 01:00:00,62180292.393847644
2019-07-23 01:00:00,65527471.69455163
2019-07-26 01:00:00,66422512.0674627
2019-07-29 01:00:00,69400228.24262597
2019-08-01 01:00:00,71948489.15970056
2019-08-04 01:00:00,72972666.94133331
2019-08-07 01:00:00,74077368.96597405
2019-08-10 01:00:00,74566507.44960836
2019-08-13 01:00:00,73747045.07134312
2019-08-16 01:00:00,74456151.2739522
2019-08-19 01:00:00,70938762.01502922
2019-08-22 01:00:00,72283871.8608038
2019-08-25 01:00:00,74482723.32512149
2019-08-28 01:00:00,73547109.00246467
2019-08-31 01:00:00,76873723.56894779
2019-09-03 01:00:00,78440212.48352496
2019-09-06 01:00:00,81396021.79746328
2019-09-09 01:00:00,84070180.80035755
2019-09-12 01:00:00,88889490.52776657
2019-09-15 01:00:00,89554384.74609981
2019-09-18 01:00:00,89597236.24816692
2019-09-21 01:00:00,91702566.29484172
2019-09-24 01:00:00,90098193.58802588
2019-09-27 01:00:00,91434682.17080025
2019-09-30 01:00:00,89341776.99429794
2019-10-03 01:00:00,91433868.6440188
2019-10-06 01:00:00,91428958.51224542
2019-10-09 01:00:00,96593924.45396785
2019-10-12 01:00:00,98269788.05675264
2019-10-15 01:00:00,94280759.19669506
2019-10-18 01:00:00,93485053.29452874
2019-10-21 01:00:00,95055454.38742112
2019-10-24 01:00:00,101132725.05483378
2019-10-27 01:00:00,99339894.79783738
2019-10-30 00:00:00,92695122.52125238
2019-11-02 00:00:00,89256768.1250417
2019-11-05 00:00:00,90715212.04865348
2019-11-08 00:00:00,91861270.49919157
2019-11-11 00:00:00,92339819.41656034
2019-11-14 00:00:00,90699368.88504884
2019-11-17 00:00:00,95931202.11533114
2019-11-20 00:00:00,94937564.42863753
2019-11-23 00:00:00,90641806.33248484
2019-11-26 00:00:00,90238982.02037299
2019-11-29 00:00:00,90747073.1583127
2019-12-02 00:00:00,87522557.86842345
2019-12-05 00:00:00,95261394.56415763
2019-12-08 00:00:00,96880815.35477403
2019-12-11 00:00:00,96761138.51699759
2019-12-14 00:00:00,92907581.8474793
2019-12-17 00:00:00,91170136.91135517
2019-12-20 00:00:00,92925415.7375964
2019-12-23 00:00:00,99947585.9399815
2019-12-26 00:00:00,96857362.7365599
2019-12-29 00:00:00,94344814.30099222
2020-01-01 00:00:00,97011480.59215085
2020-01-04 00:00:00,103031751.9698384
2020-01-07 00:00:00,105477457.15335813
2020-01-10 00:00:00,108770686.24796285
2020-01-13 00:00:00,105144996.70636413
2020-01-16 00:00:00,104842225.07092443
2020-01-19 00:00:00,106104409.8345753
2020-01-22 00:00:00,110810185.47842275
2020-01-25 00:00:00,110600317.70289545
2020-01-28 00:00:00,110810185.47842276
2020-01-31 00:00:00,111739680.95495507
2020-02-03 00:00:00,111681439.23054679
2020-02-06 00:00:00,113456448.3565329
2020-02-09 00:00:00,109282832.6377059
2020-02-12 00:00:00,109340676.42941175
2020-02-15 00:00:00,107932589.65855002
2020-02-18 00:00:00,111150618.92552446
2020-02-21 00:00:00,109631870.48581052
2020-02-24 00:00:00,112391988.07105252
2020-02-27 00:00:00,109315034.29177237
2020-03-01 00:00:00,110892855.15019846
2020-03-04 00:00:00,116468614.68224476
2020-03-07 00:00:00,121307726.15157305
2020-03-10 00:00:00,121936055.96162646
2020-03-13 00:00:00,116070927.61330411
2020-03-16 00:00:00,108109035.40066276
2020-03-19 00:00:00,101680788.74892049
2020-03-22 00:00:00,94157585.88194844
2020-03-25 00:00:00,95333086.32991287
2020-03-28 00:00:00,100386175.7558384
2020-03-31 01:00:00,100495620.10857132
2020-04-03 01:00:00,104035696.2502867
2020-04-06 01:00:00,106308080.8787355
2020-04-09 01:00:00,104926817.65001218
2020-04-12 01:00:00,110999326.6368086
2020-04-15 01:00:00,115878648.73909876
2020-04-18 01:00:00,115054068.8189836
2020-04-21 01:00:00,113800073.51850417
2020-04-24 01:00:00,109962750.66907203
2020-04-27 01:00:00,111554966.88776174
2020-04-30 01:00:00,113216514.46699287
2020-05-03 01:00:00,113443174.15561531
2020-05-06 01:00:00,119472293.06066506
2020-05-09 01:00:00,121853507.63821308
2020-05-12 01:00:00,121087434.47597237
2020-05-15 01:00:00,111966037.38110098
2020-05-18 01:00:00,101672938.9497433
2020-05-21 01:00:00,93625665.17859997
2020-05-24 01:00:00,90689768.70048092
2020-05-27 01:00:00,90471236.69303167
2020-05-30 01:00:00,94602038.01431303
2020-06-02 01:00:00,103202223.28834139
2020-06-05 01:00:00,105288528.1766404
2020-06-08 01:00:00,110815623.43783526
2020-06-11 01:00:00,114994337.8583901
2020-06-14 01:00:00,112245343.37726866
2020-06-17 01:00:00,110570811.73739882
2020-06-20 01:00:00,105926966.55685537
2020-06-23 01:00:00,108235120.84612934
2020-06-26 01:00:00,112767411.26182595
2020-06-29 01:00:00,115793972.0014575
2020-07-02 01:00:00,117362562.86205761
2020-07-05 01:00:00,121956640.86329533
2020-07-08 01:00:00,125990398.02477519
2020-07-11 01:00:00,124533213.70598333
2020-07-14 01:00:00,123224185.9661429
2020-07-17 01:00:00,121358766.03401919
2020-07-20 01:00:00,115473898.09459306
2020-07-23 01:00:00,113943058.68242149
2020-07-26 01:00:00,120718051.36083578
2020-07-29 01:00:00,126940916.24508919
2020-08-01 01:00:00,124781881.42071433
2020-08-04 01:00:00,122154894.82121405
2020-08-07 01:00:00,122394179.62987462
2020-08-10 01:00:00,124667385.31214991
2020-08-13 01:00:00,126347972.69387735
2020-08-16 01:00:00,129075393.19033508
2020-08-19 01:00:00,125649847.98439695
2020-08-22 01:00:00,121798511.64771043
2020-08-25 01:00:00,123297691.91400088
2020-08-28 01:00:00,122017801.8251035
2020-08-31 01:00:00,122462847.34276728
2020-09-03 01:00:00,126308447.33092049
2020-09-06 01:00:00,122193759.51066346
2020-09-09 01:00:00,127930089.15456907
2020-09-12 01:00:00,131873589.68471669
2020-09-15 01:00:00,136485692.07769784
2020-09-18 01:00:00,139811606.95684758
2020-09-21 01:00:00,139904505.85300225
2020-09-24 01:00:00,136974413.0675965
2020-09-27 01:00:00,138914905.99167845
2020-09-30 01:00:00,139905644.7434772
2020-10-03 01:00:00,135516448.04564264
2020-10-06 01:00:00,137953248.43701744
2020-10-09 01:00:00,140918695.23724535
2020-10-12 01:00:00,138141088.9005937
2020-10-15 01:00:00,144034012.33583727
2020-10-18 01:00:00,146484944.0374199
2020-10-21 01:00:00,139371646.13118583
2020-10-24 01:00:00,133536442.03601234
2020-10-27 00:00:00,130791599.99852994
2020-10-30 00:00:00,116022515.95960797
2020-11-02 00:00:00,108779984.36359818
2020-11-05 00:00:00,115107145.47938481
2020-11-08 00:00:00,121130852.4218934
2020-11-11 00:00:00,128159204.24421576
2020-11-14 00:00:00,126609372.00684384
2020-11-17 00:00:00,124869930.27180229
2020-11-20 00:00:00,128602936.80096643
2020-11-23 00:00:00,141076183.18505344
2020-11-26 00:00:00,135709930.523598
2020-11-29 00:00:00,133710520.86579177
2020-12-02 00:00:00,131996845.77838087
2020-12-05 00:00:00,133409747.66795123
2020-12-08 00:00:00,137948518.46795613
2020-12-11 00:00:00,134275333.06496322
2020-12-14 00:00:00,134533587.6076591
2020-12-17 00:00:00,132373208.74072967
2020-12-20 00:00:00,136823648.10098034
2020-12-23 00:00:00,134839542.57012355
2020-12-26 00:00:00,134176614.63221736
2020-12-29 00:00:00,134096925.47590554
2021-01-01 00:00:00,142734576.90930292
2021-01-04 00:00:00,146350014.08380795
2021-01-07 00:00:00,149387454.0462804
2021-01-10 00:00:00,148690226.43303117
2021-01-13 00:00:00,151697118.4842938
2021-01-16 00:00:00,153019188.22568032
2021-01-19 00:00:00,150294161.27559942
2021-01-22 00:00:00,146196559.994473